"Result","axis","value"
"Win","SuccShots",1
"Win","SuccDribbles",0.615384615384615
"Win","SuccPasses",0.785234899328859
"Win","SuccAir",0.5
"Win","SuccTacles",1
"Draw","SuccShots",0
"Draw","SuccDribbles",0.5
"Draw","SuccPasses",0.803468208092486
"Draw","SuccAir",0.444444444444444
"Draw","SuccTacles",0.724137931034483
"Win","SuccShots",1
"Win","SuccDribbles",0.444444444444444
"Win","SuccPasses",0.826568265682657
"Win","SuccAir",0.333333333333333
"Win","SuccTacles",0.772727272727273
"Draw","SuccShots",0.5
"Draw","SuccDribbles",0.4
"Draw","SuccPasses",0.853846153846154
"Draw","SuccAir",0.628571428571429
"Draw","SuccTacles",0.625
"Loss","SuccShots",0.4
"Loss","SuccDribbles",0.6875
"Loss","SuccPasses",0.844606946983547
"Loss","SuccAir",0.517241379310345
"Loss","SuccTacles",1
"Draw","SuccShots",1
"Draw","SuccDribbles",0.6
"Draw","SuccPasses",0.77924944812362
"Draw","SuccAir",0.571428571428571
"Draw","SuccTacles",0.941176470588235
"Draw","SuccShots",0
"Draw","SuccDribbles",0.7
"Draw","SuccPasses",0.829470198675497
"Draw","SuccAir",0.653846153846154
"Draw","SuccTacles",0.791666666666667
"Loss","SuccShots",0
"Loss","SuccDribbles",0
"Loss","SuccPasses",0.776096822995461
"Loss","SuccAir",0.404761904761905
"Loss","SuccTacles",0.6875
"Loss","SuccShots",0.5
"Loss","SuccDribbles",0.818181818181818
"Loss","SuccPasses",0.806174957118353
"Loss","SuccAir",0.540540540540541
"Loss","SuccTacles",0.85
"Loss","SuccShots",0
"Loss","SuccDribbles",0.571428571428571
"Loss","SuccPasses",0.840753424657534
"Loss","SuccAir",0.433333333333333
"Loss","SuccTacles",1
"Loss","SuccShots",0
"Loss","SuccDribbles",1
"Loss","SuccPasses",0.707838479809976
"Loss","SuccAir",0.59375
"Loss","SuccTacles",0.863636363636364
"Win","SuccShots",1
"Win","SuccDribbles",0.444444444444444
"Win","SuccPasses",0.758536585365854
"Win","SuccAir",0.4
"Win","SuccTacles",1
"Loss","SuccShots",0.5
"Loss","SuccDribbles",0.5
"Loss","SuccPasses",0.783524904214559
"Loss","SuccAir",0.578947368421053
"Loss","SuccTacles",1
"Draw","SuccShots",0
"Draw","SuccDribbles",0.583333333333333
"Draw","SuccPasses",0.809248554913295
"Draw","SuccAir",0.543859649122807
"Draw","SuccTacles",0.846153846153846
"Loss","SuccShots",1
"Loss","SuccDribbles",1
"Loss","SuccPasses",0.771653543307087
"Loss","SuccAir",0.339285714285714
"Loss","SuccTacles",1
"Draw","SuccShots",0.333333333333333
"Draw","SuccDribbles",0.625
"Draw","SuccPasses",0.833984375
"Draw","SuccAir",0.511111111111111
"Draw","SuccTacles",1
"Loss","SuccShots",0
"Loss","SuccDribbles",0.4375
"Loss","SuccPasses",0.735059760956175
"Loss","SuccAir",0.475
"Loss","SuccTacles",0.814814814814815
"Win","SuccShots",1
"Win","SuccDribbles",0.5625
"Win","SuccPasses",0.686868686868687
"Win","SuccAir",0.368421052631579
"Win","SuccTacles",0.540540540540541
"Draw","SuccShots",1
"Draw","SuccDribbles",0.5
"Draw","SuccPasses",0.736363636363636
"Draw","SuccAir",0.520833333333333
"Draw","SuccTacles",0.8125
"Draw","SuccShots",0
"Draw","SuccDribbles",0.4
"Draw","SuccPasses",0.77431906614786
"Draw","SuccAir",0.42
"Draw","SuccTacles",1
"Loss","SuccShots",1
"Loss","SuccDribbles",0.4
"Loss","SuccPasses",0.731225296442688
"Loss","SuccAir",0.546666666666667
"Loss","SuccTacles",0.727272727272727
"Draw","SuccShots",0.333333333333333
"Draw","SuccDribbles",0.4
"Draw","SuccPasses",0.72488038277512
"Draw","SuccAir",0.519230769230769
"Draw","SuccTacles",1
"Draw","SuccShots",0.5
"Draw","SuccDribbles",0.5
"Draw","SuccPasses",0.703225806451613
"Draw","SuccAir",0.632352941176471
"Draw","SuccTacles",0.681818181818182
"Draw","SuccShots",1
"Draw","SuccDribbles",1
"Draw","SuccPasses",0.731034482758621
"Draw","SuccAir",0.436619718309859
"Draw","SuccTacles",0.84
"Loss","SuccShots",0
"Loss","SuccDribbles",0.5
"Loss","SuccPasses",0.693045563549161
"Loss","SuccAir",0.613636363636364
"Loss","SuccTacles",0.945945945945946
"Loss","SuccShots",1
"Loss","SuccDribbles",0.769230769230769
"Loss","SuccPasses",0.694915254237288
"Loss","SuccAir",0.508196721311475
"Loss","SuccTacles",1
"Loss","SuccShots",0.5
"Loss","SuccDribbles",0.5
"Loss","SuccPasses",0.763940520446097
"Loss","SuccAir",0.666666666666667
"Loss","SuccTacles",1
"Loss","SuccShots",0.333333333333333
"Loss","SuccDribbles",0.8
"Loss","SuccPasses",0.837370242214533
"Loss","SuccAir",0.5
"Loss","SuccTacles",1
"Loss","SuccShots",0.5
"Loss","SuccDribbles",0.714285714285714
"Loss","SuccPasses",0.804428044280443
"Loss","SuccAir",0.478260869565217
"Loss","SuccTacles",0.736842105263158
"Loss","SuccShots",0
"Loss","SuccDribbles",1
"Loss","SuccPasses",0.770053475935829
"Loss","SuccAir",0.511627906976744
"Loss","SuccTacles",0.64
"Draw","SuccShots",0.6
"Draw","SuccDribbles",0.6
"Draw","SuccPasses",0.811676082862524
"Draw","SuccAir",0.36734693877551
"Draw","SuccTacles",0.727272727272727
"Win","SuccShots",0.8
"Win","SuccDribbles",0.5
"Win","SuccPasses",0.829213483146067
"Win","SuccAir",0.620689655172414
"Win","SuccTacles",0.769230769230769
"Win","SuccShots",0.2
"Win","SuccDribbles",0.25
"Win","SuccPasses",0.839015151515151
"Win","SuccAir",0.472222222222222
"Win","SuccTacles",0.72
"Win","SuccShots",0.4
"Win","SuccDribbles",0.285714285714286
"Win","SuccPasses",0.793689320388349
"Win","SuccAir",0.5
"Win","SuccTacles",1
"Draw","SuccShots",0
"Draw","SuccDribbles",0.363636363636364
"Draw","SuccPasses",0.785714285714286
"Draw","SuccAir",0.531914893617021
"Draw","SuccTacles",0.769230769230769
"Loss","SuccShots",0.333333333333333
"Loss","SuccDribbles",0.5
"Loss","SuccPasses",0.788306451612903
"Loss","SuccAir",0.613636363636364
"Loss","SuccTacles",1
"Win","SuccShots",1
"Win","SuccDribbles",0
"Win","SuccPasses",0.710588235294118
"Win","SuccAir",0.41304347826087
"Win","SuccTacles",1
"Draw","SuccShots",0.2
"Draw","SuccDribbles",0.5
"Draw","SuccPasses",0.776876267748479
"Draw","SuccAir",0.5
"Draw","SuccTacles",0.791666666666667
"Win","SuccShots",1
"Win","SuccDribbles",0.4
"Win","SuccPasses",0.779141104294479
"Win","SuccAir",0.461538461538462
"Win","SuccTacles",0.75
"Win","SuccShots",1
"Win","SuccDribbles",0.714285714285714
"Win","SuccPasses",0.801158301158301
"Win","SuccAir",0.555555555555556
"Win","SuccTacles",0.631578947368421
"Win","SuccShots",0.714285714285714
"Win","SuccDribbles",0.555555555555556
"Win","SuccPasses",0.833935018050541
"Win","SuccAir",0.477272727272727
"Win","SuccTacles",0.733333333333333
"Draw","SuccShots",0
"Draw","SuccDribbles",0.4375
"Draw","SuccPasses",0.867924528301887
"Draw","SuccAir",0.490909090909091
"Draw","SuccTacles",0.733333333333333
"Draw","SuccShots",0
"Draw","SuccDribbles",0.666666666666667
"Draw","SuccPasses",0.758241758241758
"Draw","SuccAir",0.488888888888889
"Draw","SuccTacles",1
"Loss","SuccShots",0
"Loss","SuccDribbles",0.333333333333333
"Loss","SuccPasses",0.768031189083821
"Loss","SuccAir",0.653061224489796
"Loss","SuccTacles",0.958333333333333
"Win","SuccShots",0.666666666666667
"Win","SuccDribbles",0.5
"Win","SuccPasses",0.823970037453184
"Win","SuccAir",0.538461538461538
"Win","SuccTacles",1
"Win","SuccShots",1
"Win","SuccDribbles",0.833333333333333
"Win","SuccPasses",0.777777777777778
"Win","SuccAir",0.428571428571429
"Win","SuccTacles",1
"Loss","SuccShots",1
"Loss","SuccDribbles",0.375
"Loss","SuccPasses",0.740831295843521
"Loss","SuccAir",0.535714285714286
"Loss","SuccTacles",0.666666666666667
"Win","SuccShots",1
"Win","SuccDribbles",0.428571428571429
"Win","SuccPasses",0.708249496981891
"Win","SuccAir",0.384615384615385
"Win","SuccTacles",0.823529411764706
"Draw","SuccShots",0
"Draw","SuccDribbles",0.363636363636364
"Draw","SuccPasses",0.731808731808732
"Draw","SuccAir",0.54
"Draw","SuccTacles",0.875
"Loss","SuccShots",0
"Loss","SuccDribbles",0.5625
"Loss","SuccPasses",0.719346049046321
"Loss","SuccAir",0.39622641509434
"Loss","SuccTacles",0.838709677419355
"Win","SuccShots",0.5
"Win","SuccDribbles",0.375
"Win","SuccPasses",0.821428571428571
"Win","SuccAir",0.387096774193548
"Win","SuccTacles",0.804347826086957
"Loss","SuccShots",0
"Loss","SuccDribbles",0.428571428571429
"Loss","SuccPasses",0.816593886462882
"Loss","SuccAir",0.456521739130435
"Loss","SuccTacles",0.91304347826087
"Win","SuccShots",0.25
"Win","SuccDribbles",0.166666666666667
"Win","SuccPasses",0.833017077798861
"Win","SuccAir",0.491803278688525
"Win","SuccTacles",0.9375
"Loss","SuccShots",0
"Loss","SuccDribbles",0.583333333333333
"Loss","SuccPasses",0.704225352112676
"Loss","SuccAir",0.636363636363636
"Loss","SuccTacles",1
"Draw","SuccShots",0.333333333333333
"Draw","SuccDribbles",0
"Draw","SuccPasses",0.706601466992665
"Draw","SuccAir",0.536585365853659
"Draw","SuccTacles",0.571428571428571
"Loss","SuccShots",0.25
"Loss","SuccDribbles",0.5
"Loss","SuccPasses",0.801125703564728
"Loss","SuccAir",0.425
"Loss","SuccTacles",0.666666666666667
"Loss","SuccShots",0.333333333333333
"Loss","SuccDribbles",0.357142857142857
"Loss","SuccPasses",0.788537549407115
"Loss","SuccAir",0.448979591836735
"Loss","SuccTacles",0.694444444444444
"Loss","SuccShots",0
"Loss","SuccDribbles",0.357142857142857
"Loss","SuccPasses",0.768018018018018
"Loss","SuccAir",0.59375
"Loss","SuccTacles",0.470588235294118
"Win","SuccShots",1
"Win","SuccDribbles",1
"Win","SuccPasses",0.783715012722646
"Win","SuccAir",0.6
"Win","SuccTacles",0.851851851851852
"Draw","SuccShots",0.5
"Draw","SuccDribbles",0.8
"Draw","SuccPasses",0.800925925925926
"Draw","SuccAir",0.481481481481481
"Draw","SuccTacles",1
"Draw","SuccShots",0
"Draw","SuccDribbles",0.571428571428571
"Draw","SuccPasses",0.742014742014742
"Draw","SuccAir",0.346153846153846
"Draw","SuccTacles",0.827586206896552
"Win","SuccShots",0.8
"Win","SuccDribbles",0.444444444444444
"Win","SuccPasses",0.771794871794872
"Win","SuccAir",0.511627906976744
"Win","SuccTacles",1
"Loss","SuccShots",0
"Loss","SuccDribbles",0.2
"Loss","SuccPasses",0.711159737417943
"Loss","SuccAir",0.470588235294118
"Loss","SuccTacles",1
"Draw","SuccShots",0.666666666666667
"Draw","SuccDribbles",0.25
"Draw","SuccPasses",0.802656546489564
"Draw","SuccAir",0.428571428571429
"Draw","SuccTacles",1
"Draw","SuccShots",0.333333333333333
"Draw","SuccDribbles",0.769230769230769
"Draw","SuccPasses",0.731829573934837
"Draw","SuccAir",0.45
"Draw","SuccTacles",0.814814814814815
"Loss","SuccShots",0
"Loss","SuccDribbles",0.222222222222222
"Loss","SuccPasses",0.778781038374718
"Loss","SuccAir",0.371428571428571
"Loss","SuccTacles",0.7
"Loss","SuccShots",0.666666666666667
"Loss","SuccDribbles",0.125
"Loss","SuccPasses",0.779693486590038
"Loss","SuccAir",0.461538461538462
"Loss","SuccTacles",0.7
"Win","SuccShots",0.5
"Win","SuccDribbles",0.555555555555556
"Win","SuccPasses",0.798792756539235
"Win","SuccAir",0.647058823529412
"Win","SuccTacles",0.878787878787879
"Loss","SuccShots",1
"Loss","SuccDribbles",0.272727272727273
"Loss","SuccPasses",0.658682634730539
"Loss","SuccAir",0.511627906976744
"Loss","SuccTacles",1
"Draw","SuccShots",0.8
"Draw","SuccDribbles",0.4
"Draw","SuccPasses",0.862369337979094
"Draw","SuccAir",0.6875
"Draw","SuccTacles",0.666666666666667
"Loss","SuccShots",1
"Loss","SuccDribbles",0.421052631578947
"Loss","SuccPasses",0.736842105263158
"Loss","SuccAir",0.473684210526316
"Loss","SuccTacles",0.862068965517241
"Loss","SuccShots",0
"Loss","SuccDribbles",0.333333333333333
"Loss","SuccPasses",0.720264317180617
"Loss","SuccAir",0.452380952380952
"Loss","SuccTacles",1
"Loss","SuccShots",1
"Loss","SuccDribbles",0.875
"Loss","SuccPasses",0.735729386892178
"Loss","SuccAir",0.421052631578947
"Loss","SuccTacles",0.911764705882353
"Win","SuccShots",1
"Win","SuccDribbles",0
"Win","SuccPasses",0.715789473684211
"Win","SuccAir",0.5
"Win","SuccTacles",0.517241379310345
"Win","SuccShots",0.666666666666667
"Win","SuccDribbles",0.5
"Win","SuccPasses",0.6875
"Win","SuccAir",0.453333333333333
"Win","SuccTacles",0.8
"Draw","SuccShots",0
"Draw","SuccDribbles",0.571428571428571
"Draw","SuccPasses",0.738805970149254
"Draw","SuccAir",0.46
"Draw","SuccTacles",1
"Win","SuccShots",1
"Win","SuccDribbles",0.36
"Win","SuccPasses",0.727678571428571
"Win","SuccAir",0.531914893617021
"Win","SuccTacles",0.75
"Draw","SuccShots",0
"Draw","SuccDribbles",0.4
"Draw","SuccPasses",0.778455284552846
"Draw","SuccAir",0.628571428571429
"Draw","SuccTacles",1
"Loss","SuccShots",0
"Loss","SuccDribbles",0.6
"Loss","SuccPasses",0.756578947368421
"Loss","SuccAir",0.44
"Loss","SuccTacles",1
"Draw","SuccShots",1
"Draw","SuccDribbles",0
"Draw","SuccPasses",0.717391304347826
"Draw","SuccAir",0.5
"Draw","SuccTacles",1
"Loss","SuccShots",0
"Loss","SuccDribbles",0.111111111111111
"Loss","SuccPasses",0.783783783783784
"Loss","SuccAir",0.457142857142857
"Loss","SuccTacles",0.772727272727273
"Win","SuccShots",0.75
"Win","SuccDribbles",0.391304347826087
"Win","SuccPasses",0.810526315789474
"Win","SuccAir",0.688888888888889
"Win","SuccTacles",0.892857142857143
"Win","SuccShots",0.666666666666667
"Win","SuccDribbles",0.333333333333333
"Win","SuccPasses",0.747685185185185
"Win","SuccAir",0.575
"Win","SuccTacles",0.689655172413793
"Win","SuccShots",1
"Win","SuccDribbles",0.428571428571429
"Win","SuccPasses",0.789115646258503
"Win","SuccAir",0.617021276595745
"Win","SuccTacles",0.818181818181818
"Draw","SuccShots",0.333333333333333
"Draw","SuccDribbles",0
"Draw","SuccPasses",0.803131991051454
"Draw","SuccAir",0.5
"Draw","SuccTacles",1
"Draw","SuccShots",0
"Draw","SuccDribbles",0.785714285714286
"Draw","SuccPasses",0.75
"Draw","SuccAir",0.723404255319149
"Draw","SuccTacles",1
"Draw","SuccShots",0.4
"Draw","SuccDribbles",0.5
"Draw","SuccPasses",0.851398601398601
"Draw","SuccAir",0.428571428571429
"Draw","SuccTacles",0.761904761904762
"Loss","SuccShots",0
"Loss","SuccDribbles",0.833333333333333
"Loss","SuccPasses",0.855379188712522
"Loss","SuccAir",0.481481481481481
"Loss","SuccTacles",0.84375
"Win","SuccShots",0.333333333333333
"Win","SuccDribbles",0.571428571428571
"Win","SuccPasses",0.81532416502947
"Win","SuccAir",0.534883720930233
"Win","SuccTacles",1
"Win","SuccShots",0.142857142857143
"Win","SuccDribbles",0.277777777777778
"Win","SuccPasses",0.828046744574291
"Win","SuccAir",0.571428571428571
"Win","SuccTacles",0.821428571428571
"Loss","SuccShots",0
"Loss","SuccDribbles",0.5
"Loss","SuccPasses",0.76734693877551
"Loss","SuccAir",0.58695652173913
"Loss","SuccTacles",1
"Win","SuccShots",0.2
"Win","SuccDribbles",0.615384615384615
"Win","SuccPasses",0.837243401759531
"Win","SuccAir",0.452380952380952
"Win","SuccTacles",0.869565217391304
"Win","SuccShots",0.6
"Win","SuccDribbles",0
"Win","SuccPasses",0.829652996845426
"Win","SuccAir",0.678571428571429
"Win","SuccTacles",0.727272727272727
"Win","SuccShots",0.5
"Win","SuccDribbles",0.428571428571429
"Win","SuccPasses",0.783529411764706
"Win","SuccAir",0.578947368421053
"Win","SuccTacles",0.789473684210526
"Win","SuccShots",0.8
"Win","SuccDribbles",1
"Win","SuccPasses",0.76969696969697
"Win","SuccAir",0.563636363636364
"Win","SuccTacles",0.75
"Draw","SuccShots",0
"Draw","SuccDribbles",0.5
"Draw","SuccPasses",0.767584097859327
"Draw","SuccAir",0.509090909090909
"Draw","SuccTacles",0.818181818181818
"Draw","SuccShots",0
"Draw","SuccDribbles",0.6
"Draw","SuccPasses",0.80952380952381
"Draw","SuccAir",0.509090909090909
"Draw","SuccTacles",0.6
"Win","SuccShots",0.5
"Win","SuccDribbles",0.5
"Win","SuccPasses",0.778301886792453
"Win","SuccAir",0.590163934426229
"Win","SuccTacles",0.977272727272727
"Win","SuccShots",0.375
"Win","SuccDribbles",0.666666666666667
"Win","SuccPasses",0.841463414634146
"Win","SuccAir",0.41025641025641
"Win","SuccTacles",0.8
"Win","SuccShots",1
"Win","SuccDribbles",0.25
"Win","SuccPasses",0.788990825688073
"Win","SuccAir",0.578947368421053
"Win","SuccTacles",0.794117647058823
"Draw","SuccShots",0
"Draw","SuccDribbles",0.333333333333333
"Draw","SuccPasses",0.698666666666667
"Draw","SuccAir",0.58
"Draw","SuccTacles",1
"Win","SuccShots",0.6
"Win","SuccDribbles",0.411764705882353
"Win","SuccPasses",0.872268907563025
"Win","SuccAir",0.425
"Win","SuccTacles",0.76
"Loss","SuccShots",0
"Loss","SuccDribbles",0.307692307692308
"Loss","SuccPasses",0.818330605564648
"Loss","SuccAir",0.5
"Loss","SuccTacles",0.888888888888889
"Win","SuccShots",0.111111111111111
"Win","SuccDribbles",0.615384615384615
"Win","SuccPasses",0.826161790017212
"Win","SuccAir",0.596491228070175
"Win","SuccTacles",0.870967741935484
"Draw","SuccShots",0.5
"Draw","SuccDribbles",0.388888888888889
"Draw","SuccPasses",0.768796992481203
"Draw","SuccAir",0.766666666666667
"Draw","SuccTacles",0.631578947368421
"Win","SuccShots",0.4
"Win","SuccDribbles",0.533333333333333
"Win","SuccPasses",0.864963503649635
"Win","SuccAir",0.543478260869565
"Win","SuccTacles",0.842105263157895
"Draw","SuccShots",0.142857142857143
"Draw","SuccDribbles",0.428571428571429
"Draw","SuccPasses",0.872340425531915
"Draw","SuccAir",0.619047619047619
"Draw","SuccTacles",0.5
"Win","SuccShots",0.625
"Win","SuccDribbles",0.384615384615385
"Win","SuccPasses",0.78239608801956
"Win","SuccAir",0.589285714285714
"Win","SuccTacles",0.95
"Win","SuccShots",0.666666666666667
"Win","SuccDribbles",0.6
"Win","SuccPasses",0.78695652173913
"Win","SuccAir",0.534883720930233
"Win","SuccTacles",0.875
"Win","SuccShots",0.666666666666667
"Win","SuccDribbles",0.357142857142857
"Win","SuccPasses",0.686153846153846
"Win","SuccAir",0.525641025641026
"Win","SuccTacles",0.892857142857143
"Win","SuccShots",0.5
"Win","SuccDribbles",0.333333333333333
"Win","SuccPasses",0.781981981981982
"Win","SuccAir",0.36
"Win","SuccTacles",0.85
"Win","SuccShots",1
"Win","SuccDribbles",0.25
"Win","SuccPasses",0.74780701754386
"Win","SuccAir",0.525
"Win","SuccTacles",0.916666666666667
"Draw","SuccShots",0
"Draw","SuccDribbles",0.666666666666667
"Draw","SuccPasses",0.756501182033097
"Draw","SuccAir",0.276595744680851
"Draw","SuccTacles",1
"Draw","SuccShots",0.5
"Draw","SuccDribbles",0.666666666666667
"Draw","SuccPasses",0.74496644295302
"Draw","SuccAir",0.518518518518518
"Draw","SuccTacles",0.916666666666667
"Win","SuccShots",1
"Win","SuccDribbles",0.333333333333333
"Win","SuccPasses",0.748148148148148
"Win","SuccAir",0.451612903225806
"Win","SuccTacles",1
"Draw","SuccShots",0
"Draw","SuccDribbles",0.545454545454545
"Draw","SuccPasses",0.673590504451039
"Draw","SuccAir",0.468085106382979
"Draw","SuccTacles",0.642857142857143
"Loss","SuccShots",0
"Loss","SuccDribbles",0
"Loss","SuccPasses",0.796116504854369
"Loss","SuccAir",0.6
"Loss","SuccTacles",0.846153846153846
"Win","SuccShots",0.666666666666667
"Win","SuccDribbles",0.833333333333333
"Win","SuccPasses",0.698924731182796
"Win","SuccAir",0.447368421052632
"Win","SuccTacles",1
"Win","SuccShots",0.666666666666667
"Win","SuccDribbles",0.4
"Win","SuccPasses",0.76056338028169
"Win","SuccAir",0.40625
"Win","SuccTacles",0.875
"Win","SuccShots",1
"Win","SuccDribbles",0.75
"Win","SuccPasses",0.737777777777778
"Win","SuccAir",0.5
"Win","SuccTacles",0.882352941176471
"Loss","SuccShots",0.25
"Loss","SuccDribbles",0.111111111111111
"Loss","SuccPasses",0.648093841642229
"Loss","SuccAir",0.444444444444444
"Loss","SuccTacles",0.78125
"Loss","SuccShots",0.666666666666667
"Loss","SuccDribbles",1
"Loss","SuccPasses",0.664179104477612
"Loss","SuccAir",0.493827160493827
"Loss","SuccTacles",1
"Win","SuccShots",0.714285714285714
"Win","SuccDribbles",1
"Win","SuccPasses",0.803312629399586
"Win","SuccAir",0.488372093023256
"Win","SuccTacles",1
"Draw","SuccShots",0.333333333333333
"Draw","SuccDribbles",0.444444444444444
"Draw","SuccPasses",0.752659574468085
"Draw","SuccAir",0.469387755102041
"Draw","SuccTacles",0.513513513513513
"Loss","SuccShots",0
"Loss","SuccDribbles",0.285714285714286
"Loss","SuccPasses",0.781862745098039
"Loss","SuccAir",0.426229508196721
"Loss","SuccTacles",1
"Loss","SuccShots",0.5
"Loss","SuccDribbles",0.384615384615385
"Loss","SuccPasses",0.734475374732334
"Loss","SuccAir",0.631578947368421
"Loss","SuccTacles",0.535714285714286
"Draw","SuccShots",1
"Draw","SuccDribbles",0.6
"Draw","SuccPasses",0.76271186440678
"Draw","SuccAir",0.53125
"Draw","SuccTacles",0.826086956521739
"Loss","SuccShots",1
"Loss","SuccDribbles",0.444444444444444
"Loss","SuccPasses",0.786206896551724
"Loss","SuccAir",0.571428571428571
"Loss","SuccTacles",1
"Win","SuccShots",1
"Win","SuccDribbles",0.8
"Win","SuccPasses",0.836826347305389
"Win","SuccAir",0.435897435897436
"Win","SuccTacles",1
"Loss","SuccShots",0.5
"Loss","SuccDribbles",0.5
"Loss","SuccPasses",0.700831024930748
"Loss","SuccAir",0.507462686567164
"Loss","SuccTacles",0.6
"Win","SuccShots",0.285714285714286
"Win","SuccDribbles",0.25
"Win","SuccPasses",0.760233918128655
"Win","SuccAir",0.60377358490566
"Win","SuccTacles",0.684210526315789
"Draw","SuccShots",0.5
"Draw","SuccDribbles",0.625
"Draw","SuccPasses",0.760683760683761
"Draw","SuccAir",0.468085106382979
"Draw","SuccTacles",0.814814814814815
"Win","SuccShots",1
"Win","SuccDribbles",0.5
"Win","SuccPasses",0.73394495412844
"Win","SuccAir",0.56
"Win","SuccTacles",1
"Win","SuccShots",0.5
"Win","SuccDribbles",0.428571428571429
"Win","SuccPasses",0.796407185628742
"Win","SuccAir",0.5
"Win","SuccTacles",0.928571428571429
"Loss","SuccShots",0.75
"Loss","SuccDribbles",0.4
"Loss","SuccPasses",0.777251184834123
"Loss","SuccAir",0.410714285714286
"Loss","SuccTacles",0.777777777777778
"Loss","SuccShots",0
"Loss","SuccDribbles",0.2
"Loss","SuccPasses",0.832647462277092
"Loss","SuccAir",0.6
"Loss","SuccTacles",0.909090909090909
"Loss","SuccShots",0
"Loss","SuccDribbles",1
"Loss","SuccPasses",0.790186125211506
"Loss","SuccAir",0.617647058823529
"Loss","SuccTacles",0.714285714285714
"Win","SuccShots",0.666666666666667
"Win","SuccDribbles",0.5
"Win","SuccPasses",0.794055201698514
"Win","SuccAir",0.5
"Win","SuccTacles",1
"Draw","SuccShots",0.5
"Draw","SuccDribbles",0.4
"Draw","SuccPasses",0.834801762114537
"Draw","SuccAir",0.5
"Draw","SuccTacles",0.95
"Loss","SuccShots",0.5
"Loss","SuccDribbles",1
"Loss","SuccPasses",0.882352941176471
"Loss","SuccAir",0.4
"Loss","SuccTacles",0.931034482758621
"Win","SuccShots",0.5
"Win","SuccDribbles",0.55
"Win","SuccPasses",0.78619153674833
"Win","SuccAir",0.513513513513513
"Win","SuccTacles",0.91304347826087
"Loss","SuccShots",0
"Loss","SuccDribbles",0.454545454545455
"Loss","SuccPasses",0.803097345132743
"Loss","SuccAir",0.461538461538462
"Loss","SuccTacles",1
"Win","SuccShots",1
"Win","SuccDribbles",0.352941176470588
"Win","SuccPasses",0.847826086956522
"Win","SuccAir",0.484848484848485
"Win","SuccTacles",0.833333333333333
"Win","SuccShots",1
"Win","SuccDribbles",0.5
"Win","SuccPasses",0.731759656652361
"Win","SuccAir",0.4
"Win","SuccTacles",0.923076923076923
"Win","SuccShots",0.5
"Win","SuccDribbles",0.5
"Win","SuccPasses",0.865591397849462
"Win","SuccAir",0.566666666666667
"Win","SuccTacles",1
"Loss","SuccShots",1
"Loss","SuccDribbles",0.166666666666667
"Loss","SuccPasses",0.88801261829653
"Loss","SuccAir",0.36
"Loss","SuccTacles",0.666666666666667
"Loss","SuccShots",0
"Loss","SuccDribbles",0
"Loss","SuccPasses",0.868852459016393
"Loss","SuccAir",0.6
"Loss","SuccTacles",1
"Win","SuccShots",1
"Win","SuccDribbles",0.666666666666667
"Win","SuccPasses",0.808764940239044
"Win","SuccAir",0.428571428571429
"Win","SuccTacles",0.863636363636364
"Loss","SuccShots",1
"Loss","SuccDribbles",0.375
"Loss","SuccPasses",0.721393034825871
"Loss","SuccAir",0.352941176470588
"Loss","SuccTacles",0.888888888888889
"Win","SuccShots",0.25
"Win","SuccDribbles",0.583333333333333
"Win","SuccPasses",0.818181818181818
"Win","SuccAir",0.422222222222222
"Win","SuccTacles",0.793103448275862
"Loss","SuccShots",1
"Loss","SuccDribbles",0.5
"Loss","SuccPasses",0.840978593272171
"Loss","SuccAir",0.344827586206897
"Loss","SuccTacles",0.875
"Loss","SuccShots",0
"Loss","SuccDribbles",0.434782608695652
"Loss","SuccPasses",0.840225563909774
"Loss","SuccAir",0.488372093023256
"Loss","SuccTacles",0.517241379310345
"Loss","SuccShots",0
"Loss","SuccDribbles",0.470588235294118
"Loss","SuccPasses",0.872983870967742
"Loss","SuccAir",0.461538461538462
"Loss","SuccTacles",0.96551724137931
"Draw","SuccShots",1
"Draw","SuccDribbles",0.4
"Draw","SuccPasses",0.747282608695652
"Draw","SuccAir",0.529411764705882
"Draw","SuccTacles",0.783783783783784
"Win","SuccShots",0.666666666666667
"Win","SuccDribbles",0.444444444444444
"Win","SuccPasses",0.906882591093117
"Win","SuccAir",0.476190476190476
"Win","SuccTacles",1
"Loss","SuccShots",1
"Loss","SuccDribbles",0.2
"Loss","SuccPasses",0.834752981260647
"Loss","SuccAir",0.5
"Loss","SuccTacles",0.95
"Win","SuccShots",0.5
"Win","SuccDribbles",0.333333333333333
"Win","SuccPasses",0.753164556962025
"Win","SuccAir",0.5
"Win","SuccTacles",0.730769230769231
"Loss","SuccShots",0
"Loss","SuccDribbles",0.35
"Loss","SuccPasses",0.838209982788296
"Loss","SuccAir",0.333333333333333
"Loss","SuccTacles",0.833333333333333
"Draw","SuccShots",0
"Draw","SuccDribbles",0.4375
"Draw","SuccPasses",0.825370675453048
"Draw","SuccAir",0.371428571428571
"Draw","SuccTacles",1
"Win","SuccShots",0.4
"Win","SuccDribbles",0.388888888888889
"Win","SuccPasses",0.812877263581489
"Win","SuccAir",0.567567567567568
"Win","SuccTacles",0.826086956521739
"Loss","SuccShots",0.2
"Loss","SuccDribbles",0.875
"Loss","SuccPasses",0.791187739463602
"Loss","SuccAir",0.608695652173913
"Loss","SuccTacles",0.37037037037037
"Draw","SuccShots",0.666666666666667
"Draw","SuccDribbles",0.25
"Draw","SuccPasses",0.857400722021661
"Draw","SuccAir",0.736842105263158
"Draw","SuccTacles",1
"Loss","SuccShots",0
"Loss","SuccDribbles",0.181818181818182
"Loss","SuccPasses",0.755381604696673
"Loss","SuccAir",0.5
"Loss","SuccTacles",1
"Loss","SuccShots",0
"Loss","SuccDribbles",0.230769230769231
"Loss","SuccPasses",0.717073170731707
"Loss","SuccAir",0.547619047619048
"Loss","SuccTacles",0.875
"Win","SuccShots",1
"Win","SuccDribbles",0.75
"Win","SuccPasses",0.643258426966292
"Win","SuccAir",0.488372093023256
"Win","SuccTacles",0.625
"Draw","SuccShots",0.333333333333333
"Draw","SuccDribbles",0.2
"Draw","SuccPasses",0.74331550802139
"Draw","SuccAir",0.325581395348837
"Draw","SuccTacles",0.692307692307692
"Loss","SuccShots",0
"Loss","SuccDribbles",0
"Loss","SuccPasses",0.720823798627002
"Loss","SuccAir",0.383333333333333
"Loss","SuccTacles",1
"Loss","SuccShots",0.5
"Loss","SuccDribbles",0.7
"Loss","SuccPasses",0.74234693877551
"Loss","SuccAir",0.513513513513513
"Loss","SuccTacles",0.735294117647059
"Loss","SuccShots",0
"Loss","SuccDribbles",0
"Loss","SuccPasses",0.649315068493151
"Loss","SuccAir",0.548387096774194
"Loss","SuccTacles",1
"Win","SuccShots",1
"Win","SuccDribbles",0.5
"Win","SuccPasses",0.624641833810888
"Win","SuccAir",0.595238095238095
"Win","SuccTacles",0.482758620689655
"Loss","SuccShots",0
"Loss","SuccDribbles",0.75
"Loss","SuccPasses",0.670520231213873
"Loss","SuccAir",0.428571428571429
"Loss","SuccTacles",0.818181818181818
"Draw","SuccShots",0.666666666666667
"Draw","SuccDribbles",0.2
"Draw","SuccPasses",0.749391727493917
"Draw","SuccAir",0.571428571428571
"Draw","SuccTacles",0.954545454545455
"Loss","SuccShots",0.333333333333333
"Loss","SuccDribbles",0.75
"Loss","SuccPasses",0.689922480620155
"Loss","SuccAir",0.46875
"Loss","SuccTacles",0.76
"Loss","SuccShots",1
"Loss","SuccDribbles",1
"Loss","SuccPasses",0.694029850746269
"Loss","SuccAir",0.321428571428571
"Loss","SuccTacles",0.588235294117647
"Win","SuccShots",1
"Win","SuccDribbles",0.6
"Win","SuccPasses",0.63265306122449
"Win","SuccAir",0.421052631578947
"Win","SuccTacles",1
"Loss","SuccShots",0
"Loss","SuccDribbles",1
"Loss","SuccPasses",0.738738738738739
"Loss","SuccAir",0.482758620689655
"Loss","SuccTacles",1
"Loss","SuccShots",0
"Loss","SuccDribbles",0.7
"Loss","SuccPasses",0.660477453580902
"Loss","SuccAir",0.533333333333333
"Loss","SuccTacles",0.862068965517241
"Draw","SuccShots",1
"Draw","SuccDribbles",0.5
"Draw","SuccPasses",0.591911764705882
"Draw","SuccAir",0.3125
"Draw","SuccTacles",0.787878787878788
"Loss","SuccShots",0
"Loss","SuccDribbles",0.2
"Loss","SuccPasses",0.628342245989305
"Loss","SuccAir",0.622950819672131
"Loss","SuccTacles",0.777777777777778
"Draw","SuccShots",0
"Draw","SuccDribbles",0.5
"Draw","SuccPasses",0.683385579937304
"Draw","SuccAir",0.433333333333333
"Draw","SuccTacles",0.909090909090909
"Loss","SuccShots",0
"Loss","SuccDribbles",0.6
"Loss","SuccPasses",0.566343042071197
"Loss","SuccAir",0.571428571428571
"Loss","SuccTacles",1
"Loss","SuccShots",0
"Loss","SuccDribbles",0
"Loss","SuccPasses",0.698701298701299
"Loss","SuccAir",0.678571428571429
"Loss","SuccTacles",0.842105263157895
"Loss","SuccShots",0
"Loss","SuccDribbles",0.5
"Loss","SuccPasses",0.708333333333333
"Loss","SuccAir",0.564102564102564
"Loss","SuccTacles",1
"Loss","SuccShots",0
"Loss","SuccDribbles",0
"Loss","SuccPasses",0.768577494692144
"Loss","SuccAir",0.2
"Loss","SuccTacles",0.863636363636364
"Draw","SuccShots",1
"Draw","SuccDribbles",0.2
"Draw","SuccPasses",0.632398753894081
"Draw","SuccAir",0.367647058823529
"Draw","SuccTacles",0.684210526315789
"Loss","SuccShots",0
"Loss","SuccDribbles",0.428571428571429
"Loss","SuccPasses",0.711171662125341
"Loss","SuccAir",0.564102564102564
"Loss","SuccTacles",0.590909090909091
"Loss","SuccShots",0.5
"Loss","SuccDribbles",0.411764705882353
"Loss","SuccPasses",0.677316293929712
"Loss","SuccAir",0.432432432432432
"Loss","SuccTacles",0.857142857142857
"Draw","SuccShots",0.5
"Draw","SuccDribbles",1
"Draw","SuccPasses",0.626038781163435
"Draw","SuccAir",0.5
"Draw","SuccTacles",0.727272727272727
"Loss","SuccShots",0.25
"Loss","SuccDribbles",0.444444444444444
"Loss","SuccPasses",0.635416666666667
"Loss","SuccAir",0.581818181818182
"Loss","SuccTacles",0.888888888888889
"Win","SuccShots",0.6
"Win","SuccDribbles",0.666666666666667
"Win","SuccPasses",0.840909090909091
"Win","SuccAir",0.5
"Win","SuccTacles",1
"Win","SuccShots",0.5
"Win","SuccDribbles",0.375
"Win","SuccPasses",0.73753280839895
"Win","SuccAir",0.521739130434783
"Win","SuccTacles",0.833333333333333
"Loss","SuccShots",0
"Loss","SuccDribbles",0.666666666666667
"Loss","SuccPasses",0.674300254452926
"Loss","SuccAir",0.64
"Loss","SuccTacles",0.8125
"Draw","SuccShots",0.333333333333333
"Draw","SuccDribbles",0.615384615384615
"Draw","SuccPasses",0.853174603174603
"Draw","SuccAir",0.405405405405405
"Draw","SuccTacles",0.740740740740741
"Loss","SuccShots",0.4
"Loss","SuccDribbles",0
"Loss","SuccPasses",0.853146853146853
"Loss","SuccAir",0.69047619047619
"Loss","SuccTacles",0.875
"Loss","SuccShots",0.333333333333333
"Loss","SuccDribbles",0.5
"Loss","SuccPasses",0.817610062893082
"Loss","SuccAir",0.526315789473684
"Loss","SuccTacles",0.652173913043478
"Win","SuccShots",0.333333333333333
"Win","SuccDribbles",0.2
"Win","SuccPasses",0.841889117043121
"Win","SuccAir",0.5
"Win","SuccTacles",0.7
"Loss","SuccShots",0.4
"Loss","SuccDribbles",0.4
"Loss","SuccPasses",0.854103343465046
"Loss","SuccAir",0.488372093023256
"Loss","SuccTacles",0.961538461538462
"Win","SuccShots",0.666666666666667
"Win","SuccDribbles",0.2
"Win","SuccPasses",0.835036496350365
"Win","SuccAir",0.608695652173913
"Win","SuccTacles",0.863636363636364
"Loss","SuccShots",0
"Loss","SuccDribbles",0
"Loss","SuccPasses",0.81986531986532
"Loss","SuccAir",0.463414634146341
"Loss","SuccTacles",1
"Win","SuccShots",1
"Win","SuccDribbles",0.5
"Win","SuccPasses",0.828947368421053
"Win","SuccAir",0.64
"Win","SuccTacles",0.75
"Loss","SuccShots",0.5
"Loss","SuccDribbles",0.666666666666667
"Loss","SuccPasses",0.852201257861635
"Loss","SuccAir",0.478260869565217
"Loss","SuccTacles",0.578947368421053
"Draw","SuccShots",1
"Draw","SuccDribbles",0.111111111111111
"Draw","SuccPasses",0.749460043196544
"Draw","SuccAir",0.481481481481481
"Draw","SuccTacles",0.863636363636364
"Loss","SuccShots",0.666666666666667
"Loss","SuccDribbles",0.5
"Loss","SuccPasses",0.842931937172775
"Loss","SuccAir",0.522727272727273
"Loss","SuccTacles",0.888888888888889
"Win","SuccShots",0.333333333333333
"Win","SuccDribbles",0.428571428571429
"Win","SuccPasses",0.827470686767169
"Win","SuccAir",0.717391304347826
"Win","SuccTacles",0.478260869565217
"Draw","SuccShots",0.333333333333333
"Draw","SuccDribbles",0.4
"Draw","SuccPasses",0.785433070866142
"Draw","SuccAir",0.530612244897959
"Draw","SuccTacles",0.730769230769231
"Win","SuccShots",1
"Win","SuccDribbles",0.111111111111111
"Win","SuccPasses",0.822222222222222
"Win","SuccAir",0.526315789473684
"Win","SuccTacles",0.782608695652174
"Loss","SuccShots",0.2
"Loss","SuccDribbles",0.75
"Loss","SuccPasses",0.854640980735552
"Loss","SuccAir",0.615384615384615
"Loss","SuccTacles",0.785714285714286
"Draw","SuccShots",1
"Draw","SuccDribbles",0.25
"Draw","SuccPasses",0.79553264604811
"Draw","SuccAir",0.479166666666667
"Draw","SuccTacles",0.620689655172414
"Win","SuccShots",1
"Win","SuccDribbles",0.6
"Win","SuccPasses",0.801762114537445
"Win","SuccAir",0.5
"Win","SuccTacles",0.692307692307692
"Win","SuccShots",0.75
"Win","SuccDribbles",0.631578947368421
"Win","SuccPasses",0.814814814814815
"Win","SuccAir",0.5
"Win","SuccTacles",1
"Win","SuccShots",0.4
"Win","SuccDribbles",0.333333333333333
"Win","SuccPasses",0.85377358490566
"Win","SuccAir",0.8
"Win","SuccTacles",0.909090909090909
"Loss","SuccShots",0
"Loss","SuccDribbles",0.25
"Loss","SuccPasses",0.825342465753425
"Loss","SuccAir",0.633333333333333
"Loss","SuccTacles",0.851851851851852
"Loss","SuccShots",0
"Loss","SuccDribbles",0.363636363636364
"Loss","SuccPasses",0.804772234273319
"Loss","SuccAir",0.612903225806452
"Loss","SuccTacles",0.810810810810811
"Win","SuccShots",1
"Win","SuccDribbles",0.444444444444444
"Win","SuccPasses",0.823970037453184
"Win","SuccAir",0.657142857142857
"Win","SuccTacles",0.962962962962963
"Loss","SuccShots",0
"Loss","SuccDribbles",0.2
"Loss","SuccPasses",0.795321637426901
"Loss","SuccAir",0.5
"Loss","SuccTacles",0.8125
"Win","SuccShots",0.4
"Win","SuccDribbles",0.333333333333333
"Win","SuccPasses",0.816254416961131
"Win","SuccAir",0.542857142857143
"Win","SuccTacles",0.75
"Loss","SuccShots",0
"Loss","SuccDribbles",0.384615384615385
"Loss","SuccPasses",0.769047619047619
"Loss","SuccAir",0.311111111111111
"Loss","SuccTacles",0.821428571428571
"Win","SuccShots",0.75
"Win","SuccDribbles",0.666666666666667
"Win","SuccPasses",0.703781512605042
"Win","SuccAir",0.382352941176471
"Win","SuccTacles",0.8
"Loss","SuccShots",0.5
"Loss","SuccDribbles",0.666666666666667
"Loss","SuccPasses",0.735849056603774
"Loss","SuccAir",0.642857142857143
"Loss","SuccTacles",0.823529411764706
"Draw","SuccShots",0.75
"Draw","SuccDribbles",0.75
"Draw","SuccPasses",0.772839506172839
"Draw","SuccAir",0.63265306122449
"Draw","SuccTacles",0.869565217391304
"Win","SuccShots",1
"Win","SuccDribbles",0.333333333333333
"Win","SuccPasses",0.808564231738035
"Win","SuccAir",0.30952380952381
"Win","SuccTacles",0.642857142857143
"Loss","SuccShots",0
"Loss","SuccDribbles",0.454545454545455
"Loss","SuccPasses",0.768566493955095
"Loss","SuccAir",0.36
"Loss","SuccTacles",1
"Win","SuccShots",0.5
"Win","SuccDribbles",0.666666666666667
"Win","SuccPasses",0.736842105263158
"Win","SuccAir",0.714285714285714
"Win","SuccTacles",1
"Win","SuccShots",0.2
"Win","SuccDribbles",1
"Win","SuccPasses",0.836041358936484
"Win","SuccAir",0.55
"Win","SuccTacles",1
"Win","SuccShots",1
"Win","SuccDribbles",0
"Win","SuccPasses",0.772983114446529
"Win","SuccAir",0.529411764705882
"Win","SuccTacles",1
"Loss","SuccShots",0
"Loss","SuccDribbles",0.75
"Loss","SuccPasses",0.776842105263158
"Loss","SuccAir",0.552631578947368
"Loss","SuccTacles",1
"Win","SuccShots",0.5
"Win","SuccDribbles",0.4
"Win","SuccPasses",0.751923076923077
"Win","SuccAir",0.53125
"Win","SuccTacles",0.636363636363636
"Loss","SuccShots",0.333333333333333
"Loss","SuccDribbles",0.5
"Loss","SuccPasses",0.714285714285714
"Loss","SuccAir",0.5
"Loss","SuccTacles",0.954545454545455
"Draw","SuccShots",0.2
"Draw","SuccDribbles",0.538461538461538
"Draw","SuccPasses",0.851632047477745
"Draw","SuccAir",0.518518518518518
"Draw","SuccTacles",1
"Loss","SuccShots",0
"Loss","SuccDribbles",0.5
"Loss","SuccPasses",0.801818181818182
"Loss","SuccAir",0.436363636363636
"Loss","SuccTacles",0.541666666666667
"Win","SuccShots",1
"Win","SuccDribbles",0.5
"Win","SuccPasses",0.746361746361746
"Win","SuccAir",0.660714285714286
"Win","SuccTacles",1
"Loss","SuccShots",0.5
"Loss","SuccDribbles",0.857142857142857
"Loss","SuccPasses",0.713910761154856
"Loss","SuccAir",0.647058823529412
"Loss","SuccTacles",0.91304347826087
"Win","SuccShots",0.2
"Win","SuccDribbles",0.5
"Win","SuccPasses",0.826347305389222
"Win","SuccAir",0.511627906976744
"Win","SuccTacles",0.575757575757576
"Draw","SuccShots",0
"Draw","SuccDribbles",0.428571428571429
"Draw","SuccPasses",0.826589595375723
"Draw","SuccAir",0.566666666666667
"Draw","SuccTacles",0.866666666666667
"Draw","SuccShots",0.5
"Draw","SuccDribbles",0.222222222222222
"Draw","SuccPasses",0.820678513731826
"Draw","SuccAir",0.439024390243902
"Draw","SuccTacles",0.758620689655172
"Loss","SuccShots",0
"Loss","SuccDribbles",0
"Loss","SuccPasses",0.720930232558139
"Loss","SuccAir",0.5
"Loss","SuccTacles",0.448275862068966
"Loss","SuccShots",0
"Loss","SuccDribbles",0.476190476190476
"Loss","SuccPasses",0.768518518518518
"Loss","SuccAir",0.576923076923077
"Loss","SuccTacles",0.722222222222222
"Loss","SuccShots",0.5
"Loss","SuccDribbles",0.5
"Loss","SuccPasses",0.810264385692068
"Loss","SuccAir",0.425
"Loss","SuccTacles",1
"Win","SuccShots",0.5
"Win","SuccDribbles",0.166666666666667
"Win","SuccPasses",0.796261682242991
"Win","SuccAir",0.366666666666667
"Win","SuccTacles",0.783783783783784
"Draw","SuccShots",0.25
"Draw","SuccDribbles",0.4
"Draw","SuccPasses",0.712550607287449
"Draw","SuccAir",0.233333333333333
"Draw","SuccTacles",0.72972972972973
"Win","SuccShots",0.666666666666667
"Win","SuccDribbles",0.5
"Win","SuccPasses",0.803082191780822
"Win","SuccAir",0.386363636363636
"Win","SuccTacles",1
"Draw","SuccShots",0
"Draw","SuccDribbles",0.5
"Draw","SuccPasses",0.808724832214765
"Draw","SuccAir",0.58695652173913
"Draw","SuccTacles",0.862068965517241
"Draw","SuccShots",0.4
"Draw","SuccDribbles",0.375
"Draw","SuccPasses",0.864774624373957
"Draw","SuccAir",0.263157894736842
"Draw","SuccTacles",1
"Win","SuccShots",1
"Win","SuccDribbles",0.25
"Win","SuccPasses",0.585209003215434
"Win","SuccAir",0.4
"Win","SuccTacles",0.5625
"Loss","SuccShots",0.25
"Loss","SuccDribbles",0.333333333333333
"Loss","SuccPasses",0.637795275590551
"Loss","SuccAir",0.474358974358974
"Loss","SuccTacles",0.80952380952381
"Loss","SuccShots",0.333333333333333
"Loss","SuccDribbles",0.5
"Loss","SuccPasses",0.670951156812339
"Loss","SuccAir",0.382978723404255
"Loss","SuccTacles",0.761904761904762
"Win","SuccShots",0.666666666666667
"Win","SuccDribbles",0.25
"Win","SuccPasses",0.653979238754325
"Win","SuccAir",0.40625
"Win","SuccTacles",0.5
"Win","SuccShots",1
"Win","SuccDribbles",0
"Win","SuccPasses",0.662303664921466
"Win","SuccAir",0.616666666666667
"Win","SuccTacles",1
"Loss","SuccShots",0
"Loss","SuccDribbles",0.538461538461538
"Loss","SuccPasses",0.593360995850622
"Loss","SuccAir",0.527777777777778
"Loss","SuccTacles",0.789473684210526
"Win","SuccShots",1
"Win","SuccDribbles",0
"Win","SuccPasses",0.648854961832061
"Win","SuccAir",0.461538461538462
"Win","SuccTacles",1
"Loss","SuccShots",0
"Loss","SuccDribbles",0.285714285714286
"Loss","SuccPasses",0.642857142857143
"Loss","SuccAir",0.45
"Loss","SuccTacles",0.941176470588235
"Win","SuccShots",0.4
"Win","SuccDribbles",0.25
"Win","SuccPasses",0.61993769470405
"Win","SuccAir",0.459459459459459
"Win","SuccTacles",0.882352941176471
"Win","SuccShots",1
"Win","SuccDribbles",1
"Win","SuccPasses",0.784671532846715
"Win","SuccAir",0.51219512195122
"Win","SuccTacles",1
"Loss","SuccShots",0
"Loss","SuccDribbles",0
"Loss","SuccPasses",0.749455337690632
"Loss","SuccAir",0.647058823529412
"Loss","SuccTacles",0.8
"Win","SuccShots",1
"Win","SuccDribbles",0
"Win","SuccPasses",0.74009900990099
"Win","SuccAir",0.521739130434783
"Win","SuccTacles",0.777777777777778
"Loss","SuccShots",1
"Loss","SuccDribbles",0.444444444444444
"Loss","SuccPasses",0.66374269005848
"Loss","SuccAir",0.421052631578947
"Loss","SuccTacles",0.611111111111111
"Draw","SuccShots",0
"Draw","SuccDribbles",0
"Draw","SuccPasses",0.534296028880866
"Draw","SuccAir",0.456140350877193
"Draw","SuccTacles",0.8
"Loss","SuccShots",1
"Loss","SuccDribbles",0.333333333333333
"Loss","SuccPasses",0.706896551724138
"Loss","SuccAir",0.465116279069767
"Loss","SuccTacles",0.8125
"Win","SuccShots",0.4
"Win","SuccDribbles",0.363636363636364
"Win","SuccPasses",0.741279069767442
"Win","SuccAir",0.655172413793103
"Win","SuccTacles",0.709677419354839
"Win","SuccShots",1
"Win","SuccDribbles",0.111111111111111
"Win","SuccPasses",0.690531177829099
"Win","SuccAir",0.377049180327869
"Win","SuccTacles",0.833333333333333
"Win","SuccShots",0.333333333333333
"Win","SuccDribbles",0.545454545454545
"Win","SuccPasses",0.74780701754386
"Win","SuccAir",0.547619047619048
"Win","SuccTacles",1
"Draw","SuccShots",0.333333333333333
"Draw","SuccDribbles",0.5
"Draw","SuccPasses",0.638805970149254
"Draw","SuccAir",0.560975609756098
"Draw","SuccTacles",0.875
"Win","SuccShots",1
"Win","SuccDribbles",0.625
"Win","SuccPasses",0.727506426735218
"Win","SuccAir",0.464285714285714
"Win","SuccTacles",0.846153846153846
"Draw","SuccShots",0
"Draw","SuccDribbles",0.666666666666667
"Draw","SuccPasses",0.70360824742268
"Draw","SuccAir",0.5
"Draw","SuccTacles",0.55
"Win","SuccShots",1
"Win","SuccDribbles",0.428571428571429
"Win","SuccPasses",0.679012345679012
"Win","SuccAir",0.492537313432836
"Win","SuccTacles",0.722222222222222
"Loss","SuccShots",0
"Loss","SuccDribbles",0.272727272727273
"Loss","SuccPasses",0.654434250764526
"Loss","SuccAir",0.403508771929825
"Loss","SuccTacles",0.703703703703704
"Draw","SuccShots",1
"Draw","SuccDribbles",0
"Draw","SuccPasses",0.634868421052632
"Draw","SuccAir",0.563380281690141
"Draw","SuccTacles",0.777777777777778
"Win","SuccShots",0.666666666666667
"Win","SuccDribbles",0.125
"Win","SuccPasses",0.657971014492754
"Win","SuccAir",0.741935483870968
"Win","SuccTacles",0.88
"Win","SuccShots",1
"Win","SuccDribbles",0
"Win","SuccPasses",0.733490566037736
"Win","SuccAir",0.391304347826087
"Win","SuccTacles",0.5
"Win","SuccShots",0.666666666666667
"Win","SuccDribbles",0.181818181818182
"Win","SuccPasses",0.696035242290749
"Win","SuccAir",0.418181818181818
"Win","SuccTacles",1
"Loss","SuccShots",0
"Loss","SuccDribbles",0.2
"Loss","SuccPasses",0.687960687960688
"Loss","SuccAir",0.465116279069767
"Loss","SuccTacles",0.75
"Draw","SuccShots",0
"Draw","SuccDribbles",0.4
"Draw","SuccPasses",0.774271844660194
"Draw","SuccAir",0.555555555555556
"Draw","SuccTacles",0.833333333333333
"Win","SuccShots",0.333333333333333
"Win","SuccDribbles",0.142857142857143
"Win","SuccPasses",0.75765306122449
"Win","SuccAir",0.551020408163265
"Win","SuccTacles",0.8125
"Draw","SuccShots",0.5
"Draw","SuccDribbles",0.166666666666667
"Draw","SuccPasses",0.784897025171625
"Draw","SuccAir",0.674418604651163
"Draw","SuccTacles",0.818181818181818
"Loss","SuccShots",0
"Loss","SuccDribbles",0.533333333333333
"Loss","SuccPasses",0.846153846153846
"Loss","SuccAir",0.379310344827586
"Loss","SuccTacles",0.869565217391304
"Win","SuccShots",0.333333333333333
"Win","SuccDribbles",0.5
"Win","SuccPasses",0.639072847682119
"Win","SuccAir",0.64
"Win","SuccTacles",1
"Loss","SuccShots",1
"Loss","SuccDribbles",0.5
"Loss","SuccPasses",0.762376237623762
"Loss","SuccAir",0.538461538461538
"Loss","SuccTacles",1
"Loss","SuccShots",0
"Loss","SuccDribbles",0.307692307692308
"Loss","SuccPasses",0.804819277108434
"Loss","SuccAir",0.515151515151515
"Loss","SuccTacles",0.75
"Loss","SuccShots",0
"Loss","SuccDribbles",0.857142857142857
"Loss","SuccPasses",0.724137931034483
"Loss","SuccAir",0.391304347826087
"Loss","SuccTacles",0.705882352941177
"Win","SuccShots",1
"Win","SuccDribbles",1
"Win","SuccPasses",0.679715302491103
"Win","SuccAir",0.564102564102564
"Win","SuccTacles",0.863636363636364
"Loss","SuccShots",0
"Loss","SuccDribbles",0.571428571428571
"Loss","SuccPasses",0.720670391061452
"Loss","SuccAir",0.523809523809524
"Loss","SuccTacles",0.621621621621622
"Loss","SuccShots",0
"Loss","SuccDribbles",0.5
"Loss","SuccPasses",0.767441860465116
"Loss","SuccAir",0.512820512820513
"Loss","SuccTacles",0.857142857142857
"Win","SuccShots",0.6
"Win","SuccDribbles",0.388888888888889
"Win","SuccPasses",0.700549450549451
"Win","SuccAir",0.538461538461538
"Win","SuccTacles",0.714285714285714
"Win","SuccShots",0.6
"Win","SuccDribbles",0.571428571428571
"Win","SuccPasses",0.632022471910112
"Win","SuccAir",0.506172839506173
"Win","SuccTacles",1
"Loss","SuccShots",0
"Loss","SuccDribbles",0
"Loss","SuccPasses",0.712401055408971
"Loss","SuccAir",0.282608695652174
"Loss","SuccTacles",0.617647058823529
"Draw","SuccShots",0
"Draw","SuccDribbles",0.285714285714286
"Draw","SuccPasses",0.736342042755344
"Draw","SuccAir",0.490909090909091
"Draw","SuccTacles",0.6
"Win","SuccShots",0.25
"Win","SuccDribbles",0.1
"Win","SuccPasses",0.676966292134832
"Win","SuccAir",0.525
"Win","SuccTacles",0.925925925925926
"Loss","SuccShots",0
"Loss","SuccDribbles",0.6
"Loss","SuccPasses",0.71824480369515
"Loss","SuccAir",0.432432432432432
"Loss","SuccTacles",0.708333333333333
"Draw","SuccShots",0.333333333333333
"Draw","SuccDribbles",0.428571428571429
"Draw","SuccPasses",0.789587852494577
"Draw","SuccAir",0.470588235294118
"Draw","SuccTacles",0.731707317073171
"Win","SuccShots",1
"Win","SuccDribbles",0.333333333333333
"Win","SuccPasses",0.800341296928328
"Win","SuccAir",0.321428571428571
"Win","SuccTacles",0.952380952380952
"Draw","SuccShots",0
"Draw","SuccDribbles",0
"Draw","SuccPasses",0.71875
"Draw","SuccAir",0.5
"Draw","SuccTacles",0.709677419354839
"Win","SuccShots",0.75
"Win","SuccDribbles",0.533333333333333
"Win","SuccPasses",0.689737470167064
"Win","SuccAir",0.575
"Win","SuccTacles",1
"Loss","SuccShots",0
"Loss","SuccDribbles",0.25
"Loss","SuccPasses",0.734411085450346
"Loss","SuccAir",0.468085106382979
"Loss","SuccTacles",0.703703703703704
"Draw","SuccShots",0.25
"Draw","SuccDribbles",0.555555555555556
"Draw","SuccPasses",0.564705882352941
"Draw","SuccAir",0.531914893617021
"Draw","SuccTacles",1
"Loss","SuccShots",1
"Loss","SuccDribbles",0.714285714285714
"Loss","SuccPasses",0.75615763546798
"Loss","SuccAir",0.342857142857143
"Loss","SuccTacles",1
"Draw","SuccShots",0.333333333333333
"Draw","SuccDribbles",0.166666666666667
"Draw","SuccPasses",0.645985401459854
"Draw","SuccAir",0.380952380952381
"Draw","SuccTacles",0.51219512195122
"Win","SuccShots",1
"Win","SuccDribbles",0.75
"Win","SuccPasses",0.675191815856777
"Win","SuccAir",0.388888888888889
"Win","SuccTacles",1
"Draw","SuccShots",0.166666666666667
"Draw","SuccDribbles",0
"Draw","SuccPasses",0.802197802197802
"Draw","SuccAir",0.463414634146341
"Draw","SuccTacles",0.75
"Win","SuccShots",0.142857142857143
"Win","SuccDribbles",0.695652173913043
"Win","SuccPasses",0.843800322061192
"Win","SuccAir",0.476190476190476
"Win","SuccTacles",0.857142857142857
"Loss","SuccShots",0.333333333333333
"Loss","SuccDribbles",0.2
"Loss","SuccPasses",0.82129963898917
"Loss","SuccAir",0.5
"Loss","SuccTacles",1
"Loss","SuccShots",0
"Loss","SuccDribbles",0.666666666666667
"Loss","SuccPasses",0.694300518134715
"Loss","SuccAir",0.475
"Loss","SuccTacles",0.848484848484849
"Win","SuccShots",0.428571428571429
"Win","SuccDribbles",0.727272727272727
"Win","SuccPasses",0.77122641509434
"Win","SuccAir",0.482758620689655
"Win","SuccTacles",1
"Win","SuccShots",0.714285714285714
"Win","SuccDribbles",0.75
"Win","SuccPasses",0.865021770682148
"Win","SuccAir",0.473684210526316
"Win","SuccTacles",0.85
"Loss","SuccShots",0
"Loss","SuccDribbles",0.333333333333333
"Loss","SuccPasses",0.869986168741355
"Loss","SuccAir",0.285714285714286
"Loss","SuccTacles",1
"Loss","SuccShots",1
"Loss","SuccDribbles",0.642857142857143
"Loss","SuccPasses",0.816135084427767
"Loss","SuccAir",0.488372093023256
"Loss","SuccTacles",1
"Win","SuccShots",0.8
"Win","SuccDribbles",0.5
"Win","SuccPasses",0.772727272727273
"Win","SuccAir",0.386363636363636
"Win","SuccTacles",1
"Loss","SuccShots",0
"Loss","SuccDribbles",0.833333333333333
"Loss","SuccPasses",0.856345885634589
"Loss","SuccAir",0.435897435897436
"Loss","SuccTacles",0.888888888888889
"Win","SuccShots",1
"Win","SuccDribbles",0.4
"Win","SuccPasses",0.828571428571429
"Win","SuccAir",0.352941176470588
"Win","SuccTacles",0.9
"Win","SuccShots",0.333333333333333
"Win","SuccDribbles",0.25
"Win","SuccPasses",0.822222222222222
"Win","SuccAir",0.628571428571429
"Win","SuccTacles",0.75
"Loss","SuccShots",0
"Loss","SuccDribbles",0.428571428571429
"Loss","SuccPasses",0.836772983114446
"Loss","SuccAir",0.571428571428571
"Loss","SuccTacles",0.916666666666667
"Win","SuccShots",0.545454545454545
"Win","SuccDribbles",0.642857142857143
"Win","SuccPasses",0.837386018237082
"Win","SuccAir",0.517241379310345
"Win","SuccTacles",1
"Win","SuccShots",0.5
"Win","SuccDribbles",0.428571428571429
"Win","SuccPasses",0.827708703374778
"Win","SuccAir",0.534883720930233
"Win","SuccTacles",1
"Win","SuccShots",0.6
"Win","SuccDribbles",0.789473684210526
"Win","SuccPasses",0.848531684698609
"Win","SuccAir",0.352941176470588
"Win","SuccTacles",0.894736842105263
"Win","SuccShots",1
"Win","SuccDribbles",0.476190476190476
"Win","SuccPasses",0.791919191919192
"Win","SuccAir",0.346938775510204
"Win","SuccTacles",0.9375
"Win","SuccShots",0.666666666666667
"Win","SuccDribbles",0.6
"Win","SuccPasses",0.824302134646962
"Win","SuccAir",0.567567567567568
"Win","SuccTacles",0.823529411764706
"Draw","SuccShots",1
"Draw","SuccDribbles",0.833333333333333
"Draw","SuccPasses",0.740530303030303
"Draw","SuccAir",0.46875
"Draw","SuccTacles",0.8
"Loss","SuccShots",0
"Loss","SuccDribbles",0.666666666666667
"Loss","SuccPasses",0.853035143769968
"Loss","SuccAir",0.5
"Loss","SuccTacles",0.65
"Loss","SuccShots",0.5
"Loss","SuccDribbles",0.222222222222222
"Loss","SuccPasses",0.841904761904762
"Loss","SuccAir",0.55
"Loss","SuccTacles",0.772727272727273
"Draw","SuccShots",0.5
"Draw","SuccDribbles",0.333333333333333
"Draw","SuccPasses",0.76008064516129
"Draw","SuccAir",0.480769230769231
"Draw","SuccTacles",1
"Win","SuccShots",0.25
"Win","SuccDribbles",0.416666666666667
"Win","SuccPasses",0.822368421052632
"Win","SuccAir",0.666666666666667
"Win","SuccTacles",0.821428571428571
"Win","SuccShots",0.666666666666667
"Win","SuccDribbles",0.5
"Win","SuccPasses",0.761450381679389
"Win","SuccAir",0.435897435897436
"Win","SuccTacles",0.785714285714286
"Loss","SuccShots",0.5
"Loss","SuccDribbles",0.111111111111111
"Loss","SuccPasses",0.769944341372913
"Loss","SuccAir",0.258064516129032
"Loss","SuccTacles",0.833333333333333
"Draw","SuccShots",0
"Draw","SuccDribbles",0.6
"Draw","SuccPasses",0.815878378378378
"Draw","SuccAir",0.391304347826087
"Draw","SuccTacles",0.851851851851852
"Win","SuccShots",0.3
"Win","SuccDribbles",0.5625
"Win","SuccPasses",0.888372093023256
"Win","SuccAir",0.363636363636364
"Win","SuccTacles",1