"","sequenceNumber","period","time.minutes","time.seconds","time.additionalMinutes","player.playerId","player.shirtName","player.displayName","player.uniform","team.teamId","team.location","team.abbreviation","team.displayName","touchType.touchTypeId","touchType.name","fieldCoordinates.x","fieldCoordinates.y","endingFieldCoordinates.x","endingFieldCoordinates.y","recipientPlayer.playerId","recipientPlayer.shirtName","recipientPlayer.displayName","recipientPlayer.uniform","failed","suceeded"
"124",1,1,1,0,0,792321,NA,"Kristoffer Olsson","17",10146,"Midtjylland","FCM","Midtjylland",1,"Good Pass",52,34,52,37,348309,NA,"Jakob Poulsen","7",0,1
"125",2,1,1,0,0,348309,NA,"Jakob Poulsen","7",10146,"Midtjylland","FCM","Midtjylland",1,"Good Pass",52,37,30,48,479101,NA,"Kian Hansen","2",0,2
"136",1,1,1,0,0,721997,NA,"Paul Onuachu","33",10146,"Midtjylland","FCM","Midtjylland",1,"Good Pass",53,37,52,32,600481,NA,"Rilwan Hassan","36",0,3
"137",2,1,1,0,0,600481,NA,"Rilwan Hassan","36",10146,"Midtjylland","FCM","Midtjylland",1,"Good Pass",52,32,74,27,728076,NA,"Patrick Banggaard","26",0,4
"151",1,1,1,0,0,607371,NA,"Martin Pusic","10",10146,"Midtjylland","FCM","Midtjylland",1,"Good Pass",52,33,52,35,600481,NA,"Rilwan Hassan","36",0,5
"182",1,1,1,0,0,607371,NA,"Martin Pusic","10",10146,"Midtjylland","FCM","Midtjylland",1,"Good Pass",52,34,52,37,718492,NA,"Pione Sisto","27",0,6
"183",2,1,1,0,0,718492,NA,"Pione Sisto","27",10146,"Midtjylland","FCM","Midtjylland",1,"Good Pass",52,37,37,39,474150,NA,"Tim Sparv","3",0,7
"195",1,1,1,0,0,607371,NA,"Martin Pusic","10",10146,"Midtjylland","FCM","Midtjylland",1,"Good Pass",52,36,52,34,600481,NA,"Rilwan Hassan","36",0,8
"205",1,1,1,0,0,607371,NA,"Martin Pusic","10",10146,"Midtjylland","FCM","Midtjylland",1,"Good Pass",52,38,52,34,348309,NA,"Jakob Poulsen","7",0,9
"206",2,1,1,0,0,348309,NA,"Jakob Poulsen","7",10146,"Midtjylland","FCM","Midtjylland",1,"Good Pass",52,34,71,37,474150,NA,"Tim Sparv","3",0,10
"226",1,1,1,0,0,607371,NA,"Martin Pusic","10",10146,"Midtjylland","FCM","Midtjylland",1,"Good Pass",52,37,51,31,348309,NA,"Jakob Poulsen","7",0,11
"227",2,1,1,0,0,348309,NA,"Jakob Poulsen","7",10146,"Midtjylland","FCM","Midtjylland",1,"Good Pass",51,31,73,41,570099,NA,"Nikolay Bodurov","4",0,12
"228",3,1,1,0,0,570099,NA,"Nikolay Bodurov","4",10146,"Midtjylland","FCM","Midtjylland",1,"Good Pass",73,41,70,21,479101,NA,"Kian Hansen","2",0,13
"9",1,1,1,1,0,478988,NA,"Morten Rasmussen","9",10146,"Midtjylland","FCM","Midtjylland",1,"Good Pass",52,35,53,32,857801,NA,"Mikkel Duelund","22",0,14
"10",2,1,1,1,0,857801,NA,"Mikkel Duelund","22",10146,"Midtjylland","FCM","Midtjylland",1,"Good Pass",53,32,76,34,474150,NA,"Tim Sparv","3",0,15
"16",1,1,1,1,0,478988,NA,"Morten Rasmussen","9",10146,"Midtjylland","FCM","Midtjylland",1,"Good Pass",52,32,52,36,792321,NA,"Kristoffer Olsson","17",0,16
"17",2,1,1,1,0,792321,NA,"Kristoffer Olsson","17",10146,"Midtjylland","FCM","Midtjylland",1,"Good Pass",52,36,37,25,348309,NA,"Jakob Poulsen","7",0,17
"30",1,1,1,1,0,478988,NA,"Morten Rasmussen","9",10146,"Midtjylland","FCM","Midtjylland",1,"Good Pass",52,36,53,33,348309,NA,"Jakob Poulsen","7",0,18
"41",1,1,1,1,0,607371,NA,"Martin Pusic","10",10146,"Midtjylland","FCM","Midtjylland",1,"Good Pass",52,36,52,31,792321,NA,"Kristoffer Olsson","17",0,19
"63",1,1,1,1,0,607371,NA,"Martin Pusic","10",10146,"Midtjylland","FCM","Midtjylland",1,"Good Pass",51,33,52,37,348309,NA,"Jakob Poulsen","7",0,20
"64",2,1,1,1,0,348309,NA,"Jakob Poulsen","7",10146,"Midtjylland","FCM","Midtjylland",1,"Good Pass",52,37,26,37,479101,NA,"Kian Hansen","2",0,21
"74",1,1,1,1,0,478988,NA,"Morten Rasmussen","9",10146,"Midtjylland","FCM","Midtjylland",1,"Good Pass",51,32,51,34,474150,NA,"Tim Sparv","3",0,22
"75",2,1,1,1,0,474150,NA,"Tim Sparv","3",10146,"Midtjylland","FCM","Midtjylland",1,"Good Pass",51,34,35,39,728076,NA,"Patrick Banggaard","26",0,23
"95",1,1,1,1,0,792321,NA,"Kristoffer Olsson","17",10146,"Midtjylland","FCM","Midtjylland",1,"Good Pass",52,32,52,34,348309,NA,"Jakob Poulsen","7",0,24
"152",2,1,1,1,0,600481,NA,"Rilwan Hassan","36",10146,"Midtjylland","FCM","Midtjylland",1,"Good Pass",52,35,38,30,474150,NA,"Tim Sparv","3",0,25
"184",3,1,1,1,0,474150,NA,"Tim Sparv","3",10146,"Midtjylland","FCM","Midtjylland",1,"Good Pass",37,39,23,21,570099,NA,"Nikolay Bodurov","4",0,26
"196",2,1,1,1,0,600481,NA,"Rilwan Hassan","36",10146,"Midtjylland","FCM","Midtjylland",1,"Good Pass",52,34,66,38,792321,NA,"Kristoffer Olsson","17",0,27
"197",3,1,1,1,0,792321,NA,"Kristoffer Olsson","17",10146,"Midtjylland","FCM","Midtjylland",1,"Good Pass",66,38,78,23,479101,NA,"Kian Hansen","2",0,28
"11",3,1,1,2,0,474150,NA,"Tim Sparv","3",10146,"Midtjylland","FCM","Midtjylland",1,"Good Pass",76,34,77,11,728076,NA,"Patrick Banggaard","26",0,29
"18",3,1,1,2,0,348309,NA,"Jakob Poulsen","7",10146,"Midtjylland","FCM","Midtjylland",1,"Good Pass",37,25,31,45,479101,NA,"Kian Hansen","2",0,30
"31",2,1,1,2,0,348309,NA,"Jakob Poulsen","7",10146,"Midtjylland","FCM","Midtjylland",1,"Good Pass",53,33,77,53,600474,NA,"Erik Sviatchenko","4",0,31
"42",2,1,1,2,0,792321,NA,"Kristoffer Olsson","17",10146,"Midtjylland","FCM","Midtjylland",1,"Good Pass",52,31,74,32,474150,NA,"Tim Sparv","3",0,32
"96",2,1,1,2,0,348309,NA,"Jakob Poulsen","7",10146,"Midtjylland","FCM","Midtjylland",1,"Good Pass",52,34,31,40,479101,NA,"Kian Hansen","2",0,33
"138",3,1,1,2,0,728076,NA,"Patrick Banggaard","26",10146,"Midtjylland","FCM","Midtjylland",11,"Bad Pass",74,27,NA,NA,NA,NA,NA,NA,1,33
"153",3,1,1,2,0,474150,NA,"Tim Sparv","3",10146,"Midtjylland","FCM","Midtjylland",1,"Good Pass",38,30,39,5,496660,NA,"Filip Novak","70",1,34
"229",4,1,1,2,0,479101,NA,"Kian Hansen","2",10146,"Midtjylland","FCM","Midtjylland",11,"Bad Pass",70,21,NA,NA,NA,NA,NA,NA,2,34
"43",3,1,1,3,0,474150,NA,"Tim Sparv","3",10146,"Midtjylland","FCM","Midtjylland",1,"Good Pass",74,32,80,63,600473,NA,"Jesper Lauridsen","15",2,35
"76",3,1,1,3,0,728076,NA,"Patrick Banggaard","26",10146,"Midtjylland","FCM","Midtjylland",11,"Bad Pass",35,39,NA,NA,NA,NA,NA,NA,3,35
"207",3,1,1,3,0,474150,NA,"Tim Sparv","3",10146,"Midtjylland","FCM","Midtjylland",1,"Good Pass",71,37,77,18,479101,NA,"Kian Hansen","2",3,36
"12",4,1,1,4,0,728076,NA,"Patrick Banggaard","26",10146,"Midtjylland","FCM","Midtjylland",11,"Bad Pass",77,11,NA,NA,NA,NA,NA,NA,4,36
"19",4,1,1,4,0,479101,NA,"Kian Hansen","2",10146,"Midtjylland","FCM","Midtjylland",1,"Good Pass",31,45,73,46,478988,NA,"Morten Rasmussen","9",4,37
"126",3,1,1,4,0,479101,NA,"Kian Hansen","2",10146,"Midtjylland","FCM","Midtjylland",11,"Bad Pass",30,48,NA,NA,NA,NA,NA,NA,5,37
"185",4,1,1,4,0,570099,NA,"Nikolay Bodurov","4",10146,"Midtjylland","FCM","Midtjylland",11,"Bad Pass",23,21,NA,NA,NA,NA,NA,NA,6,37
"198",4,1,1,4,0,479101,NA,"Kian Hansen","2",10146,"Midtjylland","FCM","Midtjylland",11,"Bad Pass",75,11,NA,NA,NA,NA,NA,NA,7,37
"218",4,1,1,4,0,474150,NA,"Tim Sparv","3",10146,"Midtjylland","FCM","Midtjylland",11,"Bad Pass",80,13,NA,NA,NA,NA,NA,NA,8,37
"97",3,1,1,5,0,479101,NA,"Kian Hansen","2",10146,"Midtjylland","FCM","Midtjylland",11,"Bad Pass",31,40,NA,NA,NA,NA,NA,NA,9,37
"139",5,1,1,5,0,721997,NA,"Paul Onuachu","33",10146,"Midtjylland","FCM","Midtjylland",1,"Good Pass",26,44,23,58,496778,NA,"Vaclav Kadlec","14",9,38
"173",5,1,1,5,0,679497,NA,"Andre Romer","28",10146,"Midtjylland","FCM","Midtjylland",11,"Bad Pass",76,13,NA,NA,NA,NA,NA,NA,10,38
"44",4,1,1,6,0,600473,NA,"Jesper Lauridsen","15",10146,"Midtjylland","FCM","Midtjylland",11,"Bad Pass",80,63,NA,NA,NA,NA,NA,NA,11,38
"54",4,1,1,6,0,496660,NA,"Filip Novak","70",10146,"Midtjylland","FCM","Midtjylland",11,"Bad Pass",17,8,NA,NA,NA,NA,NA,NA,12,38
"154",4,1,1,6,0,496660,NA,"Filip Novak","70",10146,"Midtjylland","FCM","Midtjylland",1,"Good Pass",39,5,20,19,570099,NA,"Nikolay Bodurov","4",12,39
"20",5,1,1,7,0,478988,NA,"Morten Rasmussen","9",10146,"Midtjylland","FCM","Midtjylland",11,"Bad Pass",73,46,NA,NA,NA,NA,NA,NA,13,39
"208",4,1,1,7,0,479101,NA,"Kian Hansen","2",10146,"Midtjylland","FCM","Midtjylland",11,"Bad Pass",77,18,NA,NA,NA,NA,NA,NA,14,39
"246",5,1,1,7,0,570099,NA,"Nikolay Bodurov","4",10146,"Midtjylland","FCM","Midtjylland",11,"Bad Pass",79,55,NA,NA,NA,NA,NA,NA,15,39
"32",3,1,1,8,0,479101,NA,"Kian Hansen","2",10146,"Midtjylland","FCM","Midtjylland",11,"Bad Pass",73,19,NA,NA,NA,NA,NA,NA,16,39
"65",3,1,1,8,0,479101,NA,"Kian Hansen","2",10146,"Midtjylland","FCM","Midtjylland",11,"Bad Pass",43,50,NA,NA,NA,NA,NA,NA,17,39
"127",5,1,1,8,0,348309,NA,"Jakob Poulsen","7",10146,"Midtjylland","FCM","Midtjylland",1,"Good Pass",69,45,81,61,496778,NA,"Vaclav Kadlec","14",17,40
"174",6,1,1,8,0,792321,NA,"Kristoffer Olsson","17",10146,"Midtjylland","FCM","Midtjylland",11,"Bad Pass",78,12,NA,NA,NA,NA,NA,NA,18,40
"186",8,1,1,8,0,496660,NA,"Filip Novak","70",10146,"Midtjylland","FCM","Midtjylland",11,"Bad Pass",30,9,NA,NA,NA,NA,NA,NA,19,40
"13",9,1,1,10,0,790469,NA,"Jonas Gemmer","29",10146,"Midtjylland","FCM","Midtjylland",11,"Bad Pass",33,29,NA,NA,NA,NA,NA,NA,20,40
"21",7,1,1,10,0,474150,NA,"Tim Sparv","3",10146,"Midtjylland","FCM","Midtjylland",1,"Good Pass",76,34,70,29,600473,NA,"Jesper Lauridsen","15",20,41
"114",6,1,1,10,0,496660,NA,"Filip Novak","70",10146,"Midtjylland","FCM","Midtjylland",1,"Good Pass",92,67,75,59,718492,NA,"Pione Sisto","27",20,42
"33",4,1,1,11,0,600474,NA,"Erik Sviatchenko","4",10146,"Midtjylland","FCM","Midtjylland",1,"Good Pass",77,44,72,18,479101,NA,"Kian Hansen","2",20,43
"98",8,1,1,11,0,790469,NA,"Jonas Gemmer","29",10146,"Midtjylland","FCM","Midtjylland",1,"Good Pass",66,34,66,53,679497,NA,"Andre Romer","28",20,44
"128",6,1,1,11,0,496778,NA,"Vaclav Kadlec","14",10146,"Midtjylland","FCM","Midtjylland",11,"Bad Pass",81,61,NA,NA,NA,NA,NA,NA,21,44
"155",5,1,1,11,0,570099,NA,"Nikolay Bodurov","4",10146,"Midtjylland","FCM","Midtjylland",1,"Good Pass",26,24,34,12,474150,NA,"Tim Sparv","3",21,45
"167",5,1,1,11,0,348309,NA,"Jakob Poulsen","7",10146,"Midtjylland","FCM","Midtjylland",1,"Good Pass",63,5,74,3,909543,NA,"Rasmus Nissen","43",21,46
"247",10,1,1,11,0,474150,NA,"Tim Sparv","3",10146,"Midtjylland","FCM","Midtjylland",11,"Bad Pass",78,52,NA,NA,NA,NA,NA,NA,22,46
"99",9,1,1,12,0,679497,NA,"Andre Romer","28",10146,"Midtjylland","FCM","Midtjylland",1,"Good Pass",77,60,79,48,551851,NA,"Daniel Royer","77",22,47
"115",7,1,1,12,0,718492,NA,"Pione Sisto","27",10146,"Midtjylland","FCM","Midtjylland",1,"Good Pass",75,59,79,49,474150,NA,"Tim Sparv","3",22,48
"168",6,1,1,12,0,909543,NA,"Rasmus Nissen","43",10146,"Midtjylland","FCM","Midtjylland",11,"Bad Pass",74,3,NA,NA,NA,NA,NA,NA,23,48
"22",8,1,1,13,0,600473,NA,"Jesper Lauridsen","15",10146,"Midtjylland","FCM","Midtjylland",1,"Good Pass",70,29,73,25,718492,NA,"Pione Sisto","27",23,49
"116",8,1,1,13,0,474150,NA,"Tim Sparv","3",10146,"Midtjylland","FCM","Midtjylland",11,"Bad Pass",79,49,NA,NA,NA,NA,NA,NA,24,49
"156",6,1,1,14,0,474150,NA,"Tim Sparv","3",10146,"Midtjylland","FCM","Midtjylland",1,"Good Pass",35,9,49,10,718492,NA,"Pione Sisto","27",24,50
"140",7,1,1,15,0,474150,NA,"Tim Sparv","3",10146,"Midtjylland","FCM","Midtjylland",1,"Good Pass",34,50,19,55,496778,NA,"Vaclav Kadlec","14",24,51
"157",7,1,1,15,0,718492,NA,"Pione Sisto","27",10146,"Midtjylland","FCM","Midtjylland",1,"Good Pass",49,10,35,10,474150,NA,"Tim Sparv","3",24,52
"90",9,1,1,16,0,600474,NA,"Erik Sviatchenko","4",10146,"Midtjylland","FCM","Midtjylland",1,"Good Pass",27,14,33,6,600473,NA,"Jesper Lauridsen","15",24,53
"100",10,1,1,16,0,551851,NA,"Daniel Royer","77",10146,"Midtjylland","FCM","Midtjylland",1,"Good Pass",79,48,61,55,790469,NA,"Jonas Gemmer","29",24,54
"141",8,1,1,16,0,496778,NA,"Vaclav Kadlec","14",10146,"Midtjylland","FCM","Midtjylland",11,"Bad Pass",19,55,NA,NA,NA,NA,NA,NA,25,54
"14",12,1,1,17,0,600474,NA,"Erik Sviatchenko","4",10146,"Midtjylland","FCM","Midtjylland",11,"Bad Pass",47,47,NA,NA,NA,NA,NA,NA,26,54
"23",10,1,1,18,0,474150,NA,"Tim Sparv","3",10146,"Midtjylland","FCM","Midtjylland",1,"Good Pass",69,23,63,59,396648,NA,"Kristian Bach Bak","32",26,55
"34",7,1,1,18,0,679497,NA,"Andre Romer","28",10146,"Midtjylland","FCM","Midtjylland",11,"Bad Pass",32,5,NA,NA,NA,NA,NA,NA,27,55
"50",8,1,1,18,0,728076,NA,"Patrick Banggaard","26",10146,"Midtjylland","FCM","Midtjylland",1,"Good Pass",95,37,96,56,600473,NA,"Jesper Lauridsen","15",27,56
"80",5,1,1,18,0,792321,NA,"Kristoffer Olsson","17",10146,"Midtjylland","FCM","Midtjylland",11,"Bad Pass",42,5,NA,NA,NA,NA,NA,NA,28,56
"158",8,1,1,18,0,474150,NA,"Tim Sparv","3",10146,"Midtjylland","FCM","Midtjylland",1,"Good Pass",35,10,27,22,570099,NA,"Nikolay Bodurov","4",28,57
"219",8,1,1,18,0,479101,NA,"Kian Hansen","2",10146,"Midtjylland","FCM","Midtjylland",1,"Good Pass",80,16,50,38,857801,NA,"Mikkel Duelund","22",28,58
"101",11,1,1,19,0,551851,NA,"Daniel Royer","77",10146,"Midtjylland","FCM","Midtjylland",1,"Good Pass",72,50,60,49,790469,NA,"Jonas Gemmer","29",28,59
"129",9,1,1,20,0,474150,NA,"Tim Sparv","3",10146,"Midtjylland","FCM","Midtjylland",1,"Good Pass",65,60,37,59,679497,NA,"Andre Romer","28",28,60
"220",9,1,1,20,0,857801,NA,"Mikkel Duelund","22",10146,"Midtjylland","FCM","Midtjylland",11,"Bad Pass",50,38,NA,NA,NA,NA,NA,NA,29,60
"24",11,1,1,21,0,396648,NA,"Kristian Bach Bak","32",10146,"Midtjylland","FCM","Midtjylland",11,"Bad Pass",63,59,NA,NA,NA,NA,NA,NA,30,60
"81",7,1,1,21,0,600474,NA,"Erik Sviatchenko","4",10146,"Midtjylland","FCM","Midtjylland",11,"Bad Pass",34,9,NA,NA,NA,NA,NA,NA,31,60
"102",12,1,1,21,0,790469,NA,"Jonas Gemmer","29",10146,"Midtjylland","FCM","Midtjylland",1,"Good Pass",60,49,70,63,679497,NA,"Andre Romer","28",31,61
"145",12,1,1,21,0,570099,NA,"Nikolay Bodurov","4",10146,"Midtjylland","FCM","Midtjylland",11,"Bad Pass",49,43,NA,NA,NA,NA,NA,NA,32,61
"187",12,1,1,21,0,496660,NA,"Filip Novak","70",10146,"Midtjylland","FCM","Midtjylland",1,"Good Pass",37,6,30,9,718492,NA,"Pione Sisto","27",32,62
"130",10,1,1,22,0,679497,NA,"Andre Romer","28",10146,"Midtjylland","FCM","Midtjylland",1,"Good Pass",37,59,75,30,721997,NA,"Paul Onuachu","33",32,63
"175",8,1,1,22,0,479101,NA,"Kian Hansen","2",10146,"Midtjylland","FCM","Midtjylland",11,"Bad Pass",82,11,NA,NA,NA,NA,NA,NA,33,63
"117",14,1,1,23,0,348309,NA,"Jakob Poulsen","7",10146,"Midtjylland","FCM","Midtjylland",1,"Good Pass",59,60,36,40,478988,NA,"Morten Rasmussen","9",33,64
"221",11,1,1,23,0,570099,NA,"Nikolay Bodurov","4",10146,"Midtjylland","FCM","Midtjylland",11,"Bad Pass",74,34,NA,NA,NA,NA,NA,NA,34,64
"103",13,1,1,24,0,679497,NA,"Andre Romer","28",10146,"Midtjylland","FCM","Midtjylland",1,"Good Pass",70,63,31,46,479101,NA,"Kian Hansen","2",34,65
"159",9,1,1,24,0,479101,NA,"Kian Hansen","2",10146,"Midtjylland","FCM","Midtjylland",1,"Good Pass",23,50,4,41,406671,NA,"Mikkel Andersen","31",34,66
"82",9,1,1,25,0,479101,NA,"Kian Hansen","2",10146,"Midtjylland","FCM","Midtjylland",11,"Bad Pass",46,19,NA,NA,NA,NA,NA,NA,35,66
"131",11,1,1,25,0,721997,NA,"Paul Onuachu","33",10146,"Midtjylland","FCM","Midtjylland",1,"Good Pass",75,30,79,39,718492,NA,"Pione Sisto","27",35,67
"169",11,1,1,25,0,479101,NA,"Kian Hansen","2",10146,"Midtjylland","FCM","Midtjylland",1,"Good Pass",76,7,63,22,718492,NA,"Pione Sisto","27",35,68
"188",13,1,1,25,0,718492,NA,"Pione Sisto","27",10146,"Midtjylland","FCM","Midtjylland",1,"Good Pass",30,9,7,32,406671,NA,"Mikkel Andersen","31",35,69
"1",6,1,1,26,0,479101,NA,"Kian Hansen","2",10146,"Midtjylland","FCM","Midtjylland",1,"Good Pass",30,21,29,37,600474,NA,"Erik Sviatchenko","4",35,70
"170",12,1,1,27,0,718492,NA,"Pione Sisto","27",10146,"Midtjylland","FCM","Midtjylland",1,"Good Pass",63,22,73,14,479101,NA,"Kian Hansen","2",35,71
"104",14,1,1,28,0,479101,NA,"Kian Hansen","2",10146,"Midtjylland","FCM","Midtjylland",1,"Good Pass",31,46,80,33,478988,NA,"Morten Rasmussen","9",35,72
"171",13,1,1,28,0,479101,NA,"Kian Hansen","2",10146,"Midtjylland","FCM","Midtjylland",11,"Bad Pass",73,14,NA,NA,NA,NA,NA,NA,36,72
"2",7,1,1,29,0,600474,NA,"Erik Sviatchenko","4",10146,"Midtjylland","FCM","Midtjylland",1,"Good Pass",29,37,36,22,479101,NA,"Kian Hansen","2",36,73
"132",12,1,1,29,0,718492,NA,"Pione Sisto","27",10146,"Midtjylland","FCM","Midtjylland",1,"Good Pass",79,39,83,62,679497,NA,"Andre Romer","28",36,74
"25",14,1,1,31,0,551851,NA,"Daniel Royer","77",10146,"Midtjylland","FCM","Midtjylland",1,"Good Pass",82,61,70,52,718492,NA,"Pione Sisto","27",36,75
"83",11,1,1,31,0,721997,NA,"Paul Onuachu","33",10146,"Midtjylland","FCM","Midtjylland",1,"Good Pass",69,26,76,54,551851,NA,"Daniel Royer","77",36,76
"133",13,1,1,31,0,679497,NA,"Andre Romer","28",10146,"Midtjylland","FCM","Midtjylland",11,"Bad Pass",83,62,NA,NA,NA,NA,NA,NA,37,76
"209",10,1,1,31,0,607371,NA,"Martin Pusic","10",10146,"Midtjylland","FCM","Midtjylland",1,"Good Pass",30,13,28,6,348309,NA,"Jakob Poulsen","7",37,77
"26",15,1,1,32,0,718492,NA,"Pione Sisto","27",10146,"Midtjylland","FCM","Midtjylland",11,"Bad Pass",70,52,NA,NA,NA,NA,NA,NA,38,77
"105",15,1,1,32,0,478988,NA,"Morten Rasmussen","9",10146,"Midtjylland","FCM","Midtjylland",11,"Bad Pass",80,33,NA,NA,NA,NA,NA,NA,39,77
"160",12,1,1,32,0,570099,NA,"Nikolay Bodurov","4",10146,"Midtjylland","FCM","Midtjylland",1,"Good Pass",34,30,33,11,496660,NA,"Filip Novak","70",39,78
"210",11,1,1,32,0,348309,NA,"Jakob Poulsen","7",10146,"Midtjylland","FCM","Midtjylland",1,"Good Pass",28,6,37,10,679497,NA,"Andre Romer","28",39,79
"3",8,1,1,34,0,479101,NA,"Kian Hansen","2",10146,"Midtjylland","FCM","Midtjylland",1,"Good Pass",36,20,40,7,600473,NA,"Jesper Lauridsen","15",39,80
"77",6,1,1,34,0,348309,NA,"Jakob Poulsen","7",10146,"Midtjylland","FCM","Midtjylland",11,"Bad Pass",71,7,NA,NA,NA,NA,NA,NA,40,80
"106",17,1,1,35,0,790469,NA,"Jonas Gemmer","29",10146,"Midtjylland","FCM","Midtjylland",1,"Good Pass",53,25,35,7,496660,NA,"Filip Novak","70",40,81
"118",16,1,1,35,0,406671,NA,"Mikkel Andersen","31",10146,"Midtjylland","FCM","Midtjylland",1,"Good Pass",97,47,77,23,479101,NA,"Kian Hansen","2",40,82
"211",12,1,1,35,0,679497,NA,"Andre Romer","28",10146,"Midtjylland","FCM","Midtjylland",1,"Good Pass",37,10,30,15,600481,NA,"Rilwan Hassan","36",40,83
"241",9,1,1,35,0,909543,NA,"Rasmus Nissen","43",10146,"Midtjylland","FCM","Midtjylland",11,"Bad Pass",4,65,NA,NA,NA,NA,NA,NA,41,83
"107",18,1,1,36,0,496660,NA,"Filip Novak","70",10146,"Midtjylland","FCM","Midtjylland",1,"Good Pass",35,7,34,18,600474,NA,"Erik Sviatchenko","4",41,84
"134",16,1,1,36,0,496660,NA,"Filip Novak","70",10146,"Midtjylland","FCM","Midtjylland",11,"Bad Pass",72,12,NA,NA,NA,NA,NA,NA,42,84
"161",13,1,1,36,0,496660,NA,"Filip Novak","70",10146,"Midtjylland","FCM","Midtjylland",1,"Good Pass",33,4,44,10,718492,NA,"Pione Sisto","27",42,85
"4",9,1,1,37,0,600473,NA,"Jesper Lauridsen","15",10146,"Midtjylland","FCM","Midtjylland",11,"Bad Pass",45,4,NA,NA,NA,NA,NA,NA,43,85
"78",9,1,1,37,0,348309,NA,"Jakob Poulsen","7",10146,"Midtjylland","FCM","Midtjylland",1,"Good Pass",38,10,72,26,551851,NA,"Daniel Royer","77",43,86
"108",19,1,1,37,0,600474,NA,"Erik Sviatchenko","4",10146,"Midtjylland","FCM","Midtjylland",11,"Bad Pass",34,18,NA,NA,NA,NA,NA,NA,44,86
"162",14,1,1,38,0,718492,NA,"Pione Sisto","27",10146,"Midtjylland","FCM","Midtjylland",1,"Good Pass",39,6,24,7,570099,NA,"Nikolay Bodurov","4",44,87
"27",20,1,1,39,0,474150,NA,"Tim Sparv","3",10146,"Midtjylland","FCM","Midtjylland",11,"Bad Pass",66,38,NA,NA,NA,NA,NA,NA,45,87
"230",6,1,1,39,0,474150,NA,"Tim Sparv","3",10146,"Midtjylland","FCM","Midtjylland",1,"Good Pass",58,52,34,47,607371,NA,"Martin Pusic","10",45,88
"119",17,1,1,40,0,479101,NA,"Kian Hansen","2",10146,"Midtjylland","FCM","Midtjylland",1,"Good Pass",77,23,79,44,600474,NA,"Erik Sviatchenko","4",45,89
"135",19,1,1,40,0,570099,NA,"Nikolay Bodurov","4",10146,"Midtjylland","FCM","Midtjylland",11,"Bad Pass",57,20,NA,NA,NA,NA,NA,NA,46,89
"242",13,1,1,40,0,721997,NA,"Paul Onuachu","33",10146,"Midtjylland","FCM","Midtjylland",1,"Good Pass",39,54,34,50,474150,NA,"Tim Sparv","3",46,90
"91",15,1,1,41,0,348309,NA,"Jakob Poulsen","7",10146,"Midtjylland","FCM","Midtjylland",11,"Bad Pass",60,8,NA,NA,NA,NA,NA,NA,47,90
"146",19,1,1,42,0,792321,NA,"Kristoffer Olsson","17",10146,"Midtjylland","FCM","Midtjylland",1,"Good Pass",85,47,79,62,718492,NA,"Pione Sisto","27",47,91
"243",14,1,1,42,0,474150,NA,"Tim Sparv","3",10146,"Midtjylland","FCM","Midtjylland",11,"Bad Pass",34,50,NA,NA,NA,NA,NA,NA,48,91
"35",9,1,1,43,0,478988,NA,"Morten Rasmussen","9",10146,"Midtjylland","FCM","Midtjylland",11,"Bad Pass",8,24,NA,NA,NA,NA,NA,NA,49,91
"28",22,1,1,44,0,792321,NA,"Kristoffer Olsson","17",10146,"Midtjylland","FCM","Midtjylland",1,"Good Pass",48,49,32,27,600474,NA,"Erik Sviatchenko","4",49,92
"79",12,1,1,44,0,551851,NA,"Daniel Royer","77",10146,"Midtjylland","FCM","Midtjylland",1,"Good Pass",70,25,81,18,718492,NA,"Pione Sisto","27",49,93
"231",8,1,1,44,0,792321,NA,"Kristoffer Olsson","17",10146,"Midtjylland","FCM","Midtjylland",1,"Good Pass",47,59,33,61,857801,NA,"Mikkel Duelund","22",49,94
"120",18,1,1,45,0,600474,NA,"Erik Sviatchenko","4",10146,"Midtjylland","FCM","Midtjylland",1,"Good Pass",79,44,70,24,479101,NA,"Kian Hansen","2",49,95
"163",15,1,1,45,0,570099,NA,"Nikolay Bodurov","4",10146,"Midtjylland","FCM","Midtjylland",11,"Bad Pass",46,11,NA,NA,NA,NA,NA,NA,50,95
"232",9,1,1,45,0,857801,NA,"Mikkel Duelund","22",10146,"Midtjylland","FCM","Midtjylland",1,"Good Pass",33,61,40,52,348309,NA,"Jakob Poulsen","7",50,96
"244",18,1,1,45,0,792321,NA,"Kristoffer Olsson","17",10146,"Midtjylland","FCM","Midtjylland",11,"Bad Pass",49,34,NA,NA,NA,NA,NA,NA,51,96
"66",10,1,1,46,0,479101,NA,"Kian Hansen","2",10146,"Midtjylland","FCM","Midtjylland",1,"Good Pass",27,51,23,25,728076,NA,"Patrick Banggaard","26",51,97
"147",20,1,1,46,0,718492,NA,"Pione Sisto","27",10146,"Midtjylland","FCM","Midtjylland",1,"Good Pass",78,61,68,10,679497,NA,"Andre Romer","28",51,98
"222",14,1,1,46,0,679497,NA,"Andre Romer","28",10146,"Midtjylland","FCM","Midtjylland",1,"Good Pass",87,5,76,15,792321,NA,"Kristoffer Olsson","17",51,99
"233",10,1,1,47,0,348309,NA,"Jakob Poulsen","7",10146,"Midtjylland","FCM","Midtjylland",1,"Good Pass",40,52,11,56,607371,NA,"Martin Pusic","10",51,100
"29",23,1,1,48,0,600474,NA,"Erik Sviatchenko","4",10146,"Midtjylland","FCM","Midtjylland",1,"Good Pass",32,27,34,55,479101,NA,"Kian Hansen","2",51,101
"142",11,1,1,48,0,570099,NA,"Nikolay Bodurov","4",10146,"Midtjylland","FCM","Midtjylland",1,"Good Pass",71,47,54,25,600481,NA,"Rilwan Hassan","36",51,102
"223",15,1,1,48,0,792321,NA,"Kristoffer Olsson","17",10146,"Midtjylland","FCM","Midtjylland",1,"Good Pass",76,15,80,28,474150,NA,"Tim Sparv","3",51,103
"67",11,1,1,49,0,728076,NA,"Patrick Banggaard","26",10146,"Midtjylland","FCM","Midtjylland",1,"Good Pass",23,25,30,11,496660,NA,"Filip Novak","70",51,104
"121",19,1,1,49,0,479101,NA,"Kian Hansen","2",10146,"Midtjylland","FCM","Midtjylland",11,"Bad Pass",70,24,NA,NA,NA,NA,NA,NA,52,104
"92",17,1,1,50,0,857801,NA,"Mikkel Duelund","22",10146,"Midtjylland","FCM","Midtjylland",1,"Good Pass",60,3,74,8,348309,NA,"Jakob Poulsen","7",52,105
"189",18,1,1,50,0,792321,NA,"Kristoffer Olsson","17",10146,"Midtjylland","FCM","Midtjylland",1,"Good Pass",73,49,71,6,496660,NA,"Filip Novak","70",52,106
"199",9,1,1,50,0,570099,NA,"Nikolay Bodurov","4",10146,"Midtjylland","FCM","Midtjylland",11,"Bad Pass",11,22,NA,NA,NA,NA,NA,NA,53,106
"224",16,1,1,50,0,474150,NA,"Tim Sparv","3",10146,"Midtjylland","FCM","Midtjylland",1,"Good Pass",80,28,73,66,909543,NA,"Rasmus Nissen","43",53,107
"234",11,1,1,50,0,607371,NA,"Martin Pusic","10",10146,"Midtjylland","FCM","Midtjylland",11,"Bad Pass",11,56,NA,NA,NA,NA,NA,NA,54,107
"51",15,1,1,51,0,348309,NA,"Jakob Poulsen","7",10146,"Midtjylland","FCM","Midtjylland",11,"Bad Pass",63,51,NA,NA,NA,NA,NA,NA,55,107
"176",15,1,1,51,0,607371,NA,"Martin Pusic","10",10146,"Midtjylland","FCM","Midtjylland",1,"Good Pass",32,61,36,50,348309,NA,"Jakob Poulsen","7",55,108
"68",12,1,1,52,0,496660,NA,"Filip Novak","70",10146,"Midtjylland","FCM","Midtjylland",1,"Good Pass",30,11,20,24,728076,NA,"Patrick Banggaard","26",55,109
"93",18,1,1,53,0,348309,NA,"Jakob Poulsen","7",10146,"Midtjylland","FCM","Midtjylland",11,"Bad Pass",70,7,NA,NA,NA,NA,NA,NA,56,109
"148",21,1,1,53,0,679497,NA,"Andre Romer","28",10146,"Midtjylland","FCM","Midtjylland",1,"Good Pass",57,13,64,20,474150,NA,"Tim Sparv","3",56,110
"177",16,1,1,53,0,348309,NA,"Jakob Poulsen","7",10146,"Midtjylland","FCM","Midtjylland",1,"Good Pass",36,50,24,49,600481,NA,"Rilwan Hassan","36",56,111
"225",17,1,1,53,0,909543,NA,"Rasmus Nissen","43",10146,"Midtjylland","FCM","Midtjylland",11,"Bad Pass",66,65,NA,NA,NA,NA,NA,NA,57,111
"69",13,1,1,55,0,728076,NA,"Patrick Banggaard","26",10146,"Midtjylland","FCM","Midtjylland",11,"Bad Pass",20,24,NA,NA,NA,NA,NA,NA,58,111
"143",12,1,1,56,0,600481,NA,"Rilwan Hassan","36",10146,"Midtjylland","FCM","Midtjylland",1,"Good Pass",37,9,43,5,792321,NA,"Kristoffer Olsson","17",58,112
"190",19,1,1,56,0,496660,NA,"Filip Novak","70",10146,"Midtjylland","FCM","Midtjylland",1,"Good Pass",71,6,64,17,474150,NA,"Tim Sparv","3",58,113
"144",13,1,1,57,0,792321,NA,"Kristoffer Olsson","17",10146,"Midtjylland","FCM","Midtjylland",1,"Good Pass",43,5,43,13,348309,NA,"Jakob Poulsen","7",58,114
"149",22,1,1,57,0,474150,NA,"Tim Sparv","3",10146,"Midtjylland","FCM","Midtjylland",1,"Good Pass",58,12,71,11,728076,NA,"Patrick Banggaard","26",58,115
"164",20,1,1,57,0,348309,NA,"Jakob Poulsen","7",10146,"Midtjylland","FCM","Midtjylland",1,"Good Pass",58,38,74,46,496778,NA,"Vaclav Kadlec","14",58,116
"235",13,1,1,57,0,792321,NA,"Kristoffer Olsson","17",10146,"Midtjylland","FCM","Midtjylland",11,"Bad Pass",25,53,NA,NA,NA,NA,NA,NA,59,116
"245",22,1,1,57,0,496660,NA,"Filip Novak","70",10146,"Midtjylland","FCM","Midtjylland",1,"Good Pass",13,18,4,27,406671,NA,"Mikkel Andersen","31",59,117
"150",23,1,1,58,0,728076,NA,"Patrick Banggaard","26",10146,"Midtjylland","FCM","Midtjylland",1,"Good Pass",71,11,69,29,792321,NA,"Kristoffer Olsson","17",59,118
"165",21,1,1,58,0,496778,NA,"Vaclav Kadlec","14",10146,"Midtjylland","FCM","Midtjylland",11,"Bad Pass",98,51,NA,NA,NA,NA,NA,NA,60,118
"178",18,1,1,58,0,479101,NA,"Kian Hansen","2",10146,"Midtjylland","FCM","Midtjylland",11,"Bad Pass",49,6,NA,NA,NA,NA,NA,NA,61,118
"191",20,1,1,58,0,474150,NA,"Tim Sparv","3",10146,"Midtjylland","FCM","Midtjylland",1,"Good Pass",64,17,66,6,496660,NA,"Filip Novak","70",61,119
"109",23,1,1,59,0,792321,NA,"Kristoffer Olsson","17",10146,"Midtjylland","FCM","Midtjylland",11,"Bad Pass",66,23,NA,NA,NA,NA,NA,NA,62,119
"192",21,1,1,59,0,496660,NA,"Filip Novak","70",10146,"Midtjylland","FCM","Midtjylland",1,"Good Pass",66,6,44,18,570099,NA,"Nikolay Bodurov","4",62,120
"236",17,1,2,0,0,570099,NA,"Nikolay Bodurov","4",10146,"Midtjylland","FCM","Midtjylland",1,"Good Pass",41,55,26,66,909543,NA,"Rasmus Nissen","43",62,121
"57",15,1,2,1,0,718492,NA,"Pione Sisto","27",10146,"Midtjylland","FCM","Midtjylland",11,"Bad Pass",76,59,NA,NA,NA,NA,NA,NA,63,121
"58",16,1,2,3,0,478988,NA,"Morten Rasmussen","9",10146,"Midtjylland","FCM","Midtjylland",1,"Good Pass",78,57,65,52,551851,NA,"Daniel Royer","77",63,122
"172",20,1,2,3,0,496778,NA,"Vaclav Kadlec","14",10146,"Midtjylland","FCM","Midtjylland",1,"Good Pass",65,2,56,3,600481,NA,"Rilwan Hassan","36",63,123
"193",22,1,2,4,0,570099,NA,"Nikolay Bodurov","4",10146,"Midtjylland","FCM","Midtjylland",1,"Good Pass",44,18,60,6,496660,NA,"Filip Novak","70",63,124
"237",18,1,2,4,0,909543,NA,"Rasmus Nissen","43",10146,"Midtjylland","FCM","Midtjylland",1,"Good Pass",26,66,7,66,857801,NA,"Mikkel Duelund","22",63,125
"94",21,1,2,5,0,478988,NA,"Morten Rasmussen","9",10146,"Midtjylland","FCM","Midtjylland",11,"Bad Pass",81,8,NA,NA,NA,NA,NA,NA,64,125
"194",23,1,2,6,0,496660,NA,"Filip Novak","70",10146,"Midtjylland","FCM","Midtjylland",1,"Good Pass",60,6,73,18,607371,NA,"Martin Pusic","10",64,126
"212",14,1,2,7,0,348309,NA,"Jakob Poulsen","7",10146,"Midtjylland","FCM","Midtjylland",11,"Bad Pass",23,9,NA,NA,NA,NA,NA,NA,65,126
"238",19,1,2,7,0,857801,NA,"Mikkel Duelund","22",10146,"Midtjylland","FCM","Midtjylland",1,"Good Pass",7,66,23,64,909543,NA,"Rasmus Nissen","43",65,127
"52",18,1,2,8,0,728076,NA,"Patrick Banggaard","26",10146,"Midtjylland","FCM","Midtjylland",1,"Good Pass",78,11,98,31,406671,NA,"Mikkel Andersen","31",65,128
"45",11,1,2,9,0,718492,NA,"Pione Sisto","27",10146,"Midtjylland","FCM","Midtjylland",1,"Good Pass",37,27,22,43,551851,NA,"Daniel Royer","77",65,129
"46",12,1,2,9,0,551851,NA,"Daniel Royer","77",10146,"Midtjylland","FCM","Midtjylland",11,"Bad Pass",22,43,NA,NA,NA,NA,NA,NA,66,129
"239",20,1,2,9,0,909543,NA,"Rasmus Nissen","43",10146,"Midtjylland","FCM","Midtjylland",1,"Good Pass",23,64,6,47,348309,NA,"Jakob Poulsen","7",66,130
"5",12,1,2,10,0,474150,NA,"Tim Sparv","3",10146,"Midtjylland","FCM","Midtjylland",1,"Good Pass",36,48,52,34,551851,NA,"Daniel Royer","77",66,131
"70",16,1,2,10,0,474150,NA,"Tim Sparv","3",10146,"Midtjylland","FCM","Midtjylland",1,"Good Pass",48,49,60,56,348309,NA,"Jakob Poulsen","7",66,132
"240",21,1,2,10,0,348309,NA,"Jakob Poulsen","7",10146,"Midtjylland","FCM","Midtjylland",11,"Bad Pass",5,48,NA,NA,NA,NA,NA,NA,67,132
"6",13,1,2,11,0,551851,NA,"Daniel Royer","77",10146,"Midtjylland","FCM","Midtjylland",1,"Good Pass",52,34,69,40,607371,NA,"Martin Pusic","10",67,133
"71",17,1,2,11,0,348309,NA,"Jakob Poulsen","7",10146,"Midtjylland","FCM","Midtjylland",1,"Good Pass",60,56,45,63,679497,NA,"Andre Romer","28",67,134
"179",21,1,2,11,0,474150,NA,"Tim Sparv","3",10146,"Midtjylland","FCM","Midtjylland",1,"Good Pass",49,11,48,4,679497,NA,"Andre Romer","28",67,135
"72",18,1,2,12,0,679497,NA,"Andre Romer","28",10146,"Midtjylland","FCM","Midtjylland",1,"Good Pass",45,63,47,52,474150,NA,"Tim Sparv","3",67,136
"36",13,1,2,13,0,551851,NA,"Daniel Royer","77",10146,"Midtjylland","FCM","Midtjylland",11,"Bad Pass",58,58,NA,NA,NA,NA,NA,NA,68,136
"180",22,1,2,13,0,679497,NA,"Andre Romer","28",10146,"Midtjylland","FCM","Midtjylland",1,"Good Pass",48,4,51,15,348309,NA,"Jakob Poulsen","7",68,137
"7",14,1,2,14,0,607371,NA,"Martin Pusic","10",10146,"Midtjylland","FCM","Midtjylland",1,"Good Pass",69,40,77,50,348309,NA,"Jakob Poulsen","7",68,138
"181",23,1,2,14,0,348309,NA,"Jakob Poulsen","7",10146,"Midtjylland","FCM","Midtjylland",1,"Good Pass",51,15,66,20,570099,NA,"Nikolay Bodurov","4",68,139
"110",15,1,2,16,0,474150,NA,"Tim Sparv","3",10146,"Midtjylland","FCM","Midtjylland",11,"Bad Pass",5,33,NA,NA,NA,NA,NA,NA,69,139
"200",11,1,2,17,0,792321,NA,"Kristoffer Olsson","17",10146,"Midtjylland","FCM","Midtjylland",1,"Good Pass",59,31,67,49,496660,NA,"Filip Novak","70",69,140
"8",15,1,2,18,0,348309,NA,"Jakob Poulsen","7",10146,"Midtjylland","FCM","Midtjylland",11,"Bad Pass",84,51,NA,NA,NA,NA,NA,NA,70,140
"73",19,1,2,18,0,474150,NA,"Tim Sparv","3",10146,"Midtjylland","FCM","Midtjylland",11,"Bad Pass",37,54,NA,NA,NA,NA,NA,NA,71,140
"84",17,1,2,21,0,474150,NA,"Tim Sparv","3",10146,"Midtjylland","FCM","Midtjylland",1,"Good Pass",39,50,53,49,348309,NA,"Jakob Poulsen","7",71,141
"201",12,1,2,21,0,496660,NA,"Filip Novak","70",10146,"Midtjylland","FCM","Midtjylland",1,"Good Pass",63,65,43,63,857801,NA,"Mikkel Duelund","22",71,142
"37",18,1,2,22,0,479101,NA,"Kian Hansen","2",10146,"Midtjylland","FCM","Midtjylland",1,"Good Pass",78,19,67,7,679497,NA,"Andre Romer","28",71,143
"53",21,1,2,22,0,474150,NA,"Tim Sparv","3",10146,"Midtjylland","FCM","Midtjylland",1,"Good Pass",63,37,38,40,583756,NA,"Marco Urena","11",71,144
"38",19,1,2,24,0,679497,NA,"Andre Romer","28",10146,"Midtjylland","FCM","Midtjylland",1,"Good Pass",67,7,76,19,479101,NA,"Kian Hansen","2",71,145
"85",18,1,2,24,0,348309,NA,"Jakob Poulsen","7",10146,"Midtjylland","FCM","Midtjylland",11,"Bad Pass",57,51,NA,NA,NA,NA,NA,NA,72,145
"122",14,1,2,24,0,721997,NA,"Paul Onuachu","33",10146,"Midtjylland","FCM","Midtjylland",11,"Bad Pass",62,21,NA,NA,NA,NA,NA,NA,73,145
"202",13,1,2,24,0,857801,NA,"Mikkel Duelund","22",10146,"Midtjylland","FCM","Midtjylland",1,"Good Pass",47,59,63,58,792321,NA,"Kristoffer Olsson","17",73,146
"203",14,1,2,26,0,792321,NA,"Kristoffer Olsson","17",10146,"Midtjylland","FCM","Midtjylland",11,"Bad Pass",62,52,NA,NA,NA,NA,NA,NA,74,146
"39",20,1,2,27,0,479101,NA,"Kian Hansen","2",10146,"Midtjylland","FCM","Midtjylland",1,"Good Pass",76,19,29,48,478988,NA,"Morten Rasmussen","9",74,147
"55",15,1,2,29,0,474978,NA,"Petter Andersson","8",10146,"Midtjylland","FCM","Midtjylland",11,"Bad Pass",57,67,NA,NA,NA,NA,NA,NA,75,147
"40",21,1,2,31,0,478988,NA,"Morten Rasmussen","9",10146,"Midtjylland","FCM","Midtjylland",1,"Good Pass",29,48,20,41,348309,NA,"Jakob Poulsen","7",75,148
"213",20,1,2,32,0,406671,NA,"Mikkel Andersen","31",10146,"Midtjylland","FCM","Midtjylland",1,"Good Pass",93,37,81,38,570099,NA,"Nikolay Bodurov","4",75,149
"86",20,1,2,33,0,792321,NA,"Kristoffer Olsson","17",10146,"Midtjylland","FCM","Midtjylland",1,"Good Pass",67,51,57,55,348309,NA,"Jakob Poulsen","7",75,150
"87",21,1,2,34,0,348309,NA,"Jakob Poulsen","7",10146,"Midtjylland","FCM","Midtjylland",1,"Good Pass",57,55,75,47,721997,NA,"Paul Onuachu","33",75,151
"88",22,1,2,36,0,721997,NA,"Paul Onuachu","33",10146,"Midtjylland","FCM","Midtjylland",1,"Good Pass",75,47,72,53,792321,NA,"Kristoffer Olsson","17",75,152
"214",21,1,2,36,0,570099,NA,"Nikolay Bodurov","4",10146,"Midtjylland","FCM","Midtjylland",1,"Good Pass",81,38,71,55,474150,NA,"Tim Sparv","3",75,153
"59",19,1,2,37,0,496660,NA,"Filip Novak","70",10146,"Midtjylland","FCM","Midtjylland",11,"Bad Pass",68,52,NA,NA,NA,NA,NA,NA,76,153
"15",23,1,2,38,0,551851,NA,"Daniel Royer","77",10146,"Midtjylland","FCM","Midtjylland",11,"Bad Pass",62,8,NA,NA,NA,NA,NA,NA,77,153
"89",23,1,2,38,0,792321,NA,"Kristoffer Olsson","17",10146,"Midtjylland","FCM","Midtjylland",11,"Bad Pass",72,67,NA,NA,NA,NA,NA,NA,78,153
"47",15,1,2,40,0,474150,NA,"Tim Sparv","3",10146,"Midtjylland","FCM","Midtjylland",1,"Good Pass",72,21,64,32,551851,NA,"Daniel Royer","77",78,154
"166",23,1,2,40,0,348309,NA,"Jakob Poulsen","7",10146,"Midtjylland","FCM","Midtjylland",1,"Good Pass",104,69,99,43,909543,NA,"Rasmus Nissen","43",78,155
"215",22,1,2,40,0,474150,NA,"Tim Sparv","3",10146,"Midtjylland","FCM","Midtjylland",1,"Good Pass",71,55,78,42,570099,NA,"Nikolay Bodurov","4",78,156
"48",16,1,2,41,0,551851,NA,"Daniel Royer","77",10146,"Midtjylland","FCM","Midtjylland",11,"Bad Pass",64,32,NA,NA,NA,NA,NA,NA,79,156
"111",17,1,2,43,0,406671,NA,"Mikkel Andersen","31",10146,"Midtjylland","FCM","Midtjylland",1,"Good Pass",5,33,27,51,728076,NA,"Patrick Banggaard","26",79,157
"216",23,1,2,43,0,570099,NA,"Nikolay Bodurov","4",10146,"Midtjylland","FCM","Midtjylland",1,"Good Pass",78,42,74,17,479101,NA,"Kian Hansen","2",79,158
"112",18,1,2,45,0,728076,NA,"Patrick Banggaard","26",10146,"Midtjylland","FCM","Midtjylland",1,"Good Pass",27,51,9,31,406671,NA,"Mikkel Andersen","31",79,159
"204",22,1,2,47,0,348309,NA,"Jakob Poulsen","7",10146,"Midtjylland","FCM","Midtjylland",11,"Bad Pass",73,21,NA,NA,NA,NA,NA,NA,80,159
"49",20,1,2,48,0,479101,NA,"Kian Hansen","2",10146,"Midtjylland","FCM","Midtjylland",11,"Bad Pass",76,19,NA,NA,NA,NA,NA,NA,81,159
"217",20,1,2,50,0,479101,NA,"Kian Hansen","2",10146,"Midtjylland","FCM","Midtjylland",1,"Good Pass",75,37,76,56,909543,NA,"Rasmus Nissen","43",81,160
"113",23,1,2,53,0,857801,NA,"Mikkel Duelund","22",10146,"Midtjylland","FCM","Midtjylland",11,"Bad Pass",66,21,NA,NA,NA,NA,NA,NA,82,160
"123",20,1,3,4,0,600474,NA,"Erik Sviatchenko","4",10146,"Midtjylland","FCM","Midtjylland",11,"Bad Pass",38,64,NA,NA,NA,NA,NA,NA,83,160
"60",21,1,3,10,0,600474,NA,"Erik Sviatchenko","4",10146,"Midtjylland","FCM","Midtjylland",1,"Good Pass",25,27,41,27,607371,NA,"Martin Pusic","10",83,161
"61",22,1,3,12,0,607371,NA,"Martin Pusic","10",10146,"Midtjylland","FCM","Midtjylland",1,"Good Pass",41,27,47,48,718492,NA,"Pione Sisto","27",83,162
"62",23,1,3,19,0,718492,NA,"Pione Sisto","27",10146,"Midtjylland","FCM","Midtjylland",1,"Good Pass",65,46,90,62,679497,NA,"Andre Romer","28",83,163
"56",23,1,4,26,0,479101,NA,"Kian Hansen","2",10146,"Midtjylland","FCM","Midtjylland",11,"Bad Pass",26,64,NA,NA,NA,NA,NA,NA,84,163
